species_key,scientific_name,body_size_impression,body_form,body_covering,movement_seen,observation_place,time_seen,primary_color,body_pattern,tail_impression,tail_shape,ear_size_impression,ear_shape_simple,snout_shape_simple,leg_foot_appearance,horns_or_antlers,horn_shape_simple,tusks_visible,quills_or_spines_visible,gliding_membrane_visible,bat_nose_shape,bat_tail_visibility,rodent_tail_type,primate_face_marking,carnivore_face_marking,carnivore_tail_marking,cetacean_dorsal_fin,cetacean_beak,cetacean_color_pattern,mole_front_feet,primate_brow_pattern
elephas_maximus,Elephas maximus,cow_or_larger,elephant_like,mostly_smooth_skin,,,,grey,,,,large,,trunk_like,,,,,,,,,,,,,,,,,
macaca_assamensis,Macaca assamensis,,monkey_like,fur_or_hair,,,,brown,,medium,,,,,,,,,,,,,,cheek_whiskers,,,,,,,
macaca_arctoides,Macaca arctoides,,monkey_like,fur_or_hair,walking_or_running,ground,,dark_brown,plain,short,,,,,,,,,,,,,,,,,,,,,
galeopterus_variegatus,Galeopterus variegatus,,gliding_mammal_like,fur_or_hair,gliding,tree_or_bush,,mixed,patched,,,small,,short_blunt,,,,,,yes,,,,,,,,,,,
tupaia_belangeri,Tupaia belangeri,,squirrel_like,fur_or_hair,climbing,tree_or_bush,,grey,,long,bushy,,,long_pointed,,,,,,,,,,,,,,,,,
dugong_dugon,Dugong dugon,,dugong_like,mostly_smooth_skin,swimming,sea_or_coast,,grey,,,fluked,not_obvious,,,,,,,,,,,,,,,,,,,
nycticebus_bengalensis,Nycticebus bengalensis,,monkey_like,fur_or_hair,climbing,tree_or_bush,,mixed,dorsal_stripe,no_obvious_tail,,small,,short_blunt,,,,,,,,,,eye_rings,,,,,,,
macaca_fascicularis,Macaca fascicularis,,monkey_like,fur_or_hair,climbing,tree_or_bush,day,mixed,plain,very_long,,,,,,,,,,,,,,cheek_whiskers,,,,,,,
trachypithecus_melamerus,Trachypithecus melamerus,,,,,,,,,,,,,,,,,,,,,,,,,,,,,,
trachypithecus_crepusculus,Trachypithecus crepusculus,,,,,,,,,,,,,,,,,,,,,,,,,,,,,,
macaca_leonina,Macaca leonina,,monkey_like,fur_or_hair,,,,yellowish_or_buff,,short,,,,,,,,,,,,,,,,,,,,,
macaca_mulatta,Macaca mulatta,,monkey_like,fur_or_hair,walking_or_running,ground,,brown,plain,medium,,,,,,,,,,,,,,reddish_face,,,,,,,
presbytis_femoralis,Presbytis femoralis,,,,,,,,,,,,,,,,,,,,,,,,,,,,,,
rhinopithecus_strykeri,Rhinopithecus strykeri,,monkey_like,fur_or_hair,,,,black,,very_long,,,,,,,,,,,,,,beard_or_moustache,,,,,,,
trachypithecus_barbei,Trachypithecus barbei,,,,,,,,,,,,,,,,,,,,,,,,,,,,,,
hoolock_leuconedys,Hoolock leuconedys,,monkey_like,fur_or_hair,climbing,tree_or_bush,,mixed,,no_obvious_tail,,,,,grasping_hands_or_feet,,,,,,,,,mixed,,,,,,,two_separate_brows
trachypithecus_phayrei,Trachypithecus phayrei,,monkey_like,fur_or_hair,climbing,tree_or_bush,,grey,,long,,,,,,,,,,,,,,,,,,,,,
trachypithecus_popa,Trachypithecus popa,,monkey_like,fur_or_hair,,,,dark_brown,,very_long,,,,,,,,,,,,,,mixed,,,,,,,
trachypithecus_pileatus,Trachypithecus pileatus,,monkey_like,fur_or_hair,,,,mixed,,very_long,,,,,,,,,,,,,,crest_or_crown,,,,,,,
trachypithecus_shortridgei,Trachypithecus shortridgei,,,,,,,,,,,,,,,,,,,,,,,,,,,,,,
hoolock_hoolock,Hoolock hoolock,,monkey_like,fur_or_hair,climbing,tree_or_bush,,mixed,,no_obvious_tail,,,,,grasping_hands_or_feet,,,,,,,,,mixed,,,,,,,connected_or_nearly_connected
trachypithecus_obscurus,Trachypithecus obscurus,,monkey_like,fur_or_hair,climbing,tree_or_bush,,mixed,,very_long,,,,,grasping_hands_or_feet,,,,,,,,,eye_rings,,,,,,,
hoolock_tianxing,Hoolock tianxing,,monkey_like,fur_or_hair,climbing,tree_or_bush,,mixed,,no_obvious_tail,,,,,grasping_hands_or_feet,,,,,,,,,mixed,,,,,,,thin_separate_wide_gap
hylobates_lar,Hylobates lar,,monkey_like,fur_or_hair,climbing,tree_or_bush,,mixed,,no_obvious_tail,,,,,grasping_hands_or_feet,,,,,,,,,white_face_ring,,,,,,,
ochotona_forresti,Ochotona forresti,rabbit_or_cat_sized,rabbit_hare_like,fur_or_hair,,ground,,dark_brown,,,,,,,,,,,,,,,,,,,,,,,
biswamoyopterus_undetermined,Biswamoyopterus undetermined,,,,,,,,,,,,,,,,,,,,,,,,,,,,,,
ratufa_bicolor,Ratufa bicolor,,squirrel_like,fur_or_hair,,tree_or_bush,,black,patched,,,,,,,,,,,,,,,,,,,,,,
belomys_pearsonii,Belomys pearsonii,,,,,,,,,,,,,,,,,,,,,,,,,,,,,,
ochotona_thibetana,Ochotona thibetana,,,,,,,,,,,,,,,,,,,,,,,,,,,,,,
lepus_peguensis,Lepus peguensis,,rabbit_hare_like,fur_or_hair,hopping,ground,night,brown,mixed,short,,large,long_upright,,,,,,,,,,,,,,,,,,
lepus_comus,Lepus comus,rabbit_or_cat_sized,rabbit_hare_like,fur_or_hair,,ground,,grey,,,,,,,,,,,,,,,,,,,,,,,
petaurista_magnificus,Petaurista magnificus,,,,,,,,,,,,,,,,,,,,,,,,,,,,,,
hylopetes_spadiceus,Hylopetes spadiceus,,gliding_mammal_like,fur_or_hair,gliding,tree_or_bush,night,dark_brown,patched,,flattened,,,,,,,,,yes,,,,,,,,,,,
hylopetes_phayrei,Hylopetes phayrei,,gliding_mammal_like,fur_or_hair,gliding,tree_or_bush,,brown,patched,,,,,,,,,,,yes,,,,,,,,,,,
petaurista_alborufus,Petaurista alborufus,,squirrel_like,fur_or_hair,gliding,tree_or_bush,,reddish_or_orange,patched,long,,,,,,,,,,yes,,,,,,,,,,,
petaurista_petaurista,Petaurista petaurista,,gliding_mammal_like,fur_or_hair,gliding,tree_or_bush,,reddish_or_orange,,very_long,bushy,,,,,,,,,yes,,,,,,,,,,,
petaurista_elegans,Petaurista elegans,rabbit_or_cat_sized,gliding_mammal_like,fur_or_hair,gliding,tree_or_bush,,dark_brown,,very_long,bushy,,,,,,,,,yes,,,,,,,,,,,
hylopetes_alboniger,Hylopetes alboniger,,gliding_mammal_like,fur_or_hair,gliding,tree_or_bush,,grey,patched,,,,,,,,,,,yes,,,,,,,,,,,
eupetaurus_nivamons,Eupetaurus nivamons,,,,,,,,,,,,,,,,,,,,,,,,,,,,,,
petaurista_caniceps,Petaurista caniceps,,,,,,,,,,,,,,,,,,,,,,,,,,,,,,
olisthomys_morrisi,Olisthomys morrisi,,,,,,,,,,,,,,,,,,,,,,,,,,,,,,
callosciurus_erythraeus,Callosciurus erythraeus,,squirrel_like,fur_or_hair,climbing,tree_or_bush,,mixed,,long,bushy,,,,,,,,,,,,,,,,,,,,
petaurista_sybilla,Petaurista sybilla,,,,,,,,,,,,,,,,,,,,,,,,,,,,,,
callosciurus_finlaysonii,Callosciurus finlaysonii,,squirrel_like,fur_or_hair,,,,mixed,,long,bushy,,,,,,,,,,,,,,,,,,,,
petaurista_philippensis,Petaurista philippensis,rabbit_or_cat_sized,gliding_mammal_like,fur_or_hair,gliding,tree_or_bush,,dark_brown,,very_long,bushy,,,,,,,,,yes,,,,,,,,,,,
petinomys_vordermanni,Petinomys vordermanni,,,,,,,,,,,,,,,,,,,,,,,,,,,,,,
priapomys_leonardi,Priapomys leonardi,,,,,,,,,,,,,,,,,,,,,,,,,,,,,,
petaurista_yunanensis,Petaurista yunanensis,,,,,,,,,,,,,,,,,,,,,,,,,,,,,,
callosciurus_caniceps,Callosciurus caniceps,,,,,,,,,,,,,,,,,,,,,,,,,,,,,,
dremomys_rufigenis,Dremomys rufigenis,,squirrel_like,fur_or_hair,,,,grey,,short,thick,,,long_pointed,,,,,,,,,,,,,,,,,
tamiops_swinhoei,Tamiops swinhoei,mouse_or_smaller,squirrel_like,fur_or_hair,,tree_or_bush,,brown,striped,,,,,,,,,,,,,,,,,,,,,,
callosciurus_phayrei,Callosciurus phayrei,,,,,,,,,,,,,,,,,,,,,,,,,,,,,,
dremomys_lokriah,Dremomys lokriah,,,,,,,,,,,,,,,,,,,,,,,,,,,,,,
dremomys_pernyi,Dremomys pernyi,,squirrel_like,fur_or_hair,walking_or_running,ground,day,grey,,,bushy,,,long_pointed,,,,,,,,,,,,,,,,,
tamiops_mcclellandii,Tamiops mcclellandii,mouse_or_smaller,squirrel_like,fur_or_hair,,,,brown,striped,long,,,,,,,,,,,,,furry_not_bushy,,,,,,,,
menetes_berdmorei,Menetes berdmorei,,squirrel_like,fur_or_hair,walking_or_running,ground,,grey,striped,,,,,,,,,,,,,,,,,,,,,,
callosciurus_quinquestriatus,Callosciurus quinquestriatus,,,,,,,,,,,,,,,,,,,,,,,,,,,,,,
callosciurus_pygerythrus,Callosciurus pygerythrus,,squirrel_like,fur_or_hair,,,,brown,,long,bushy,,,,,,,,,,,,,,,,,,,,
neodon_forresti,Neodon forresti,,,,,,,,,,,,,,,,,,,,,,,,,,,,,,
apodemus_peninsulae,Apodemus peninsulae,,,,,,,,,,,,,,,,,,,,,,,,,,,,,,
rhizomys_sinensis,Rhizomys sinensis,rabbit_or_cat_sized,mouse_rat_like,fur_or_hair,,,,grey,,short,,not_obvious,,,broad_digging_feet,,,,,,,,mostly_bare_or_scaly,,,,,,,,
apodemus_draco,Apodemus draco,,,,,,,,,,,,,,,,,,,,,,,,,,,,,,
microtus_clarkei,Microtus clarkei,,,,,,,,,,,,,,,,,,,,,,,,,,,,,,
apodemus_latronum,Apodemus latronum,,,,,,,,,,,,,,,,,,,,,,,,,,,,,,
cannomys_badius,Cannomys badius,rabbit_or_cat_sized,mouse_rat_like,fur_or_hair,digging_or_burrowing,ground,,brown,,short,,small,,,broad_digging_feet,,,,,,,,mostly_bare_or_scaly,,,,,,,,
rhizomys_pruinosus,Rhizomys pruinosus,rabbit_or_cat_sized,mouse_rat_like,fur_or_hair,,,,brown,mixed,short,,small,,,broad_digging_feet,,,,,,,,mostly_bare_or_scaly,,,,,,,,
rhizomys_sumatrensis,Rhizomys sumatrensis,,,,,,,,,,,,,,,,,,,,,,,,,,,,,,
eothenomys_cachinus,Eothenomys cachinus,,,,,,,,,,,,,,,,,,,,,,,,,,,,,,
eothenomys_melanogaster,Eothenomys melanogaster,,,,,,,,,,,,,,,,,,,,,,,,,,,,,,
apodemus_agrarius,Apodemus agrarius,,,,,,,,,,,,,,,,,,,,,,,,,,,,,,
chiropodomys_gliroides,Chiropodomys gliroides,,,,,,,,,,,,,,,,,,,,,,,,,,,,,,
bandicota_bengalensis,Bandicota bengalensis,,,,,,,,,,,,,,,,,,,,,,,,,,,,,,
bandicota_savilei,Bandicota savilei,,,,,,,,,,,,,,,,,,,,,,,,,,,,,,
berylmys_manipulus,Berylmys manipulus,,,,,,,,,,,,,,,,,,,,,,,,,,,,,,
berylmys_berdmorei,Berylmys berdmorei,,,,,,,,,,,,,,,,,,,,,,,,,,,,,,
berylmys_bowersi,Berylmys bowersi,,,,,,,,,,,,,,,,,,,,,,,,,,,,,,
chiromyscus_langbianis,Chiromyscus langbianis,,,,,,,,,,,,,,,,,,,,,,,,,,,,,,
berylmys_mackenziei,Berylmys mackenziei,,,,,,,,,,,,,,,,,,,,,,,,,,,,,,
hapalomys_longicaudatus,Hapalomys longicaudatus,,,,,,,,,,,,,,,,,,,,,,,,,,,,,,
diomys_crumpi,Diomys crumpi,,,,,,,,,,,,,,,,,,,,,,,,,,,,,,
chiromyscus_chiropus,Chiromyscus chiropus,,,,,,,,,,,,,,,,,,,,,,,,,,,,,,
bandicota_indica,Bandicota indica,,,,,,,,,,,,,,,,,,,,,,,,,,,,,,
leopoldamys_vociferans,Leopoldamys vociferans,,,,,,,,,,,,,,,,,,,,,,,,,,,,,,
maxomys_surifer,Maxomys surifer,,,,,,,,,,,,,,,,,,,,,,,,,,,,,,
micromys_pygmaeus,Micromys pygmaeus,,,,,,,,,,,,,,,,,,,,,,,,,,,,,,
mus_booduga,Mus booduga,,,,,,,,,,,,,,,,,,,,,,,,,,,,,,
maxomys_whiteheadi,Maxomys whiteheadi,,,,,,,,,,,,,,,,,,,,,,,,,,,,,,
micromys_erythrotis,Micromys erythrotis,,,,,,,,,,,,,,,,,,,,,,,,,,,,,,
millardia_kathleenae,Millardia kathleenae,,,,,,,,,,,,,,,,,,,,,,,,,,,,,,
leopoldamys_edwardsi,Leopoldamys edwardsi,,,,,,,,,,,,,,,,,,,,,,,,,,,,,,
leopoldamys_herberti,Leopoldamys herberti,,,,,,,,,,,,,,,,,,,,,,,,,,,,,,
mus_pahari,Mus pahari,,,,,,,,,,,,,,,,,,,,,,,,,,,,,,
niviventer_brahma,Niviventer brahma,,,,,,,,,,,,,,,,,,,,,,,,,,,,,,
mus_shortridgei,Mus shortridgei,,,,,,,,,,,,,,,,,,,,,,,,,,,,,,
niviventer_confucianus,Niviventer confucianus,,,,,,,,,,,,,,,,,,,,,,,,,,,,,,
niviventer_eha,Niviventer eha,,,,,,,,,,,,,,,,,,,,,,,,,,,,,,
mus_cervicolor,Mus cervicolor,,,,,,,,,,,,,,,,,,,,,,,,,,,,,,
mus_musculus,Mus musculus,,,,,,,,,,,,,,,,,,,,,,,,,,,,,,
mus_lepidoides,Mus lepidoides,,,,,,,,,,,,,,,,,,,,,,,,,,,,,,
mus_caroli,Mus caroli,,,,,,,,,,,,,,,,,,,,,,,,,,,,,,
niviventer_cremoriventer,Niviventer cremoriventer,,,,,,,,,,,,,,,,,,,,,,,,,,,,,,
mus_nitidulus,Mus nitidulus,,,,,,,,,,,,,,,,,,,,,,,,,,,,,,
mus_cookii,Mus cookii,,,,,,,,,,,,,,,,,,,,,,,,,,,,,,
niviventer_niviventer,Niviventer niviventer,,,,,,,,,,,,,,,,,,,,,,,,,,,,,,
rattus_nitidus,Rattus nitidus,,,,,,,,,,,,,,,,,,,,,,,,,,,,,,
rattus_pyctoris,Rattus pyctoris,,,,,,,,,,,,,,,,,,,,,,,,,,,,,,
rattus_tanezumi,Rattus tanezumi,,,,,,,,,,,,,,,,,,,,,,,,,,,,,,
rattus_rattus,Rattus rattus,,,,,,,,,,,,,,,,,,,,,,,,,,,,,,
sundamys_muelleri,Sundamys muelleri,,,,,,,,,,,,,,,,,,,,,,,,,,,,,,
vandeleuria_oleracea,Vandeleuria oleracea,,,,,,,,,,,,,,,,,,,,,,,,,,,,,,
niviventer_fulvescens,Niviventer fulvescens,,,,,,,,,,,,,,,,,,,,,,,,,,,,,,
niviventer_tenaster,Niviventer tenaster,,,,,,,,,,,,,,,,,,,,,,,,,,,,,,
rattus_exulans,Rattus exulans,,,,,,,,,,,,,,,,,,,,,,,,,,,,,,
rattus_andamanensis,Rattus andamanensis,,,,,,,,,,,,,,,,,,,,,,,,,,,,,,
rattus_norvegicus,Rattus norvegicus,,,,,,,,,,,,,,,,,,,,,,,,,,,,,,
neotetracus_sinensis,Neotetracus sinensis,mouse_or_smaller,shrew_mole_like,fur_or_hair,,ground,night,brown,,long,,,,,,,,,,,,,,,,,,,,,
crocidura_attenuata,Crocidura attenuata,,,,,,,,,,,,,,,,,,,,,,,,,,,,,,
crocidura_dracula,Crocidura dracula,,,,,,,,,,,,,,,,,,,,,,,,,,,,,,
echinosorex_gymnura,Echinosorex gymnura,rabbit_or_cat_sized,shrew_mole_like,fur_or_hair,,ground,,mixed,patched,medium,,,,long_pointed,,,,,,,,,,,,,,,,,
hylomys_suillus,Hylomys suillus,,,,,,,,,,,,,,,,,,,,,,,,,,,,,,
atherurus_macrourus,Atherurus macrourus,,mouse_rat_like,spines_or_quills,,ground,night,dark_brown,,long,tufted_tip,,,,,,,,yes,,,,,,,,,,,,
crocidura_cranbrooki,Crocidura cranbrooki,,,,,,,,,,,,,,,,,,,,,,,,,,,,,,
hystrix_brachyura,Hystrix brachyura,,porcupine_like,spines_or_quills,,ground,night,dark_brown,banded,short,,,,,,,,,yes,,,,,,,,,,,,
crocidura_fuliginosa,Crocidura fuliginosa,,,,,,,,,,,,,,,,,,,,,,,,,,,,,,
vernaya_fulva,Vernaya fulva,,,,,,,,,,,,,,,,,,,,,,,,,,,,,,
suncus_murinus,Suncus murinus,mouse_or_smaller,shrew_mole_like,fur_or_hair,walking_or_running,ground,night,mixed,,,,,,long_pointed,,,,,,,,,,,,,,,,,
anourosorex_assamensis,Anourosorex assamensis,,,,,,,,,,,,,,,,,,,,,,,,,,,,,,
blarinella_wardi,Blarinella wardi,,,,,,,,,,,,,,,,,,,,,,,,,,,,,,
chimarrogale_styani,Chimarrogale styani,,,,,,,,,,,,,,,,,,,,,,,,,,,,,,
chodsigoa_furva,Chodsigoa furva,,,,,,,,,,,,,,,,,,,,,,,,,,,,,,
crocidura_rapax,Crocidura rapax,,,,,,,,,,,,,,,,,,,,,,,,,,,,,,
anourosorex_squamipes,Anourosorex squamipes,mouse_or_smaller,shrew_mole_like,fur_or_hair,digging_or_burrowing,ground,,grey,,short,,not_obvious,,long_pointed,broad_digging_feet,,,,,,,,,,,,,,,,
chimarrogale_himalayica,Chimarrogale himalayica,mouse_or_smaller,shrew_mole_like,fur_or_hair,swimming,freshwater_or_wetland,,grey,,,thin,small,,,,,,,,,,,,,,,,,,,
suncus_etruscus,Suncus etruscus,mouse_or_smaller,shrew_mole_like,fur_or_hair,,ground,,grey,,,,,,,,,,,,,,,,,,,,,,,
crocidura_indochinensis,Crocidura indochinensis,,,,,,,,,,,,,,,,,,,,,,,,,,,,,,
sorex_bedfordiae,Sorex bedfordiae,,,,,,,,,,,,,,,,,,,,,,,,,,,,,,
euroscaptor_grandis,Euroscaptor grandis,,,,,,,,,,,,,,,,,,,,,,,,,,,,,,
parascaptor_leucura,Parascaptor leucura,,,,,,,,,,,,,,,,,,,,,,,,,,,,,,
chodsigoa_parca,Chodsigoa parca,,,,,,,,,,,,,,,,,,,,,,,,,,,,,,
episoriculus_caudatus,Episoriculus caudatus,,,,,,,,,,,,,,,,,,,,,,,,,,,,,,
episoriculus_macrurus,Episoriculus macrurus,,,,,,,,,,,,,,,,,,,,,,,,,,,,,,
nectogale_elegans,Nectogale elegans,mouse_or_smaller,shrew_mole_like,fur_or_hair,swimming,freshwater_or_wetland,,grey,,,,not_obvious,,long_pointed,webbed_feet,,,,,,,,,,,,,,,,
episoriculus_umbrinus,Episoriculus umbrinus,,,,,,,,,,,,,,,,,,,,,,,,,,,,,,
soriculus_nigrescens,Soriculus nigrescens,,,,,,,,,,,,,,,,,,,,,,,,,,,,,,
episoriculus_baileyi,Episoriculus baileyi,,,,,,,,,,,,,,,,,,,,,,,,,,,,,,
euroscaptor_klossi,Euroscaptor klossi,,,,,,,,,,,,,,,,,,,,,,,,,,,,,,
megaerops_niphanae,Megaerops niphanae,mouse_or_smaller,bat_like,fur_or_hair,flying,,,grey,plain,,,,,short_blunt,,,,,,,,tail_within_membrane,,,,,,,,,
uropsilus_soricipes,Uropsilus soricipes,,,,,,,,,,,,,,,,,,,,,,,,,,,,,,
cynopterus_brachyotis,Cynopterus brachyotis,mouse_or_smaller,bat_like,fur_or_hair,flying,,,brown,plain,,,,,long_narrow,,,,,,,plain,tail_visible,,,,,,,,,
uropsilus_gracilis,Uropsilus gracilis,,,,,,,,,,,,,,,,,,,,,,,,,,,,,,
scaptonyx_fusicaudus,Scaptonyx fusicaudus,,,,,,,,,,,,,,,,,,,,,,,,,,,,,,
cynopterus_sphinx,Cynopterus sphinx,mouse_or_smaller,bat_like,fur_or_hair,flying,,,reddish_or_orange,plain,,,,,long_narrow,,,,,,,,,,,,,,,,,
uropsilus_investigator,Uropsilus investigator,,,,,,,,,,,,,,,,,,,,,,,,,,,,,,
uropsilus_nivatus,Uropsilus nivatus,,,,,,,,,,,,,,,,,,,,,,,,,,,,,,
pteropus_vampyrus,Pteropus vampyrus,rabbit_or_cat_sized,bat_like,fur_or_hair,flying,tree_or_bush,night,dark_brown,,,,,pointed,long_pointed,,,,,,,,,,,,,,,,,
sphaerias_blanfordi,Sphaerias blanfordi,mouse_or_smaller,bat_like,fur_or_hair,flying,,,dark_brown,plain,,,,rounded,short_blunt,,,,,,,,no_tail_visible,,,,,,,,,
rousettus_leschenaultii,Rousettus leschenaultii,,,,,,,,,,,,,,,,,,,,,,,,,,,,,,
pteropus_medius,Pteropus medius,,,,,,,,,,,,,,,,,,,,,,,,,,,,,,
eonycteris_spelaea,Eonycteris spelaea,mouse_or_smaller,bat_like,fur_or_hair,flying,,,dark_brown,plain,,,small,,long_narrow,,,,,,,plain,tail_tip_beyond_membrane,,,,,,,,,
rousettus_amplexicaudatus,Rousettus amplexicaudatus,,,,,,,,,,,,,,,,,,,,,,,,,,,,,,
pteropus_hypomelanus,Pteropus hypomelanus,rabbit_or_cat_sized,bat_like,fur_or_hair,flying,tree_or_bush,night,brown,patched,,,,,,,,,,,,,,,,,,,,,,
rhinolophus_acuminatus,Rhinolophus acuminatus,,,,,,,,,,,,,,,,,,,,,,,,,,,,,,
macroglossus_sobrinus,Macroglossus sobrinus,mouse_or_smaller,bat_like,fur_or_hair,flying,,,reddish_or_orange,plain,,,medium,,long_narrow,,,,,,,,no_tail_visible,,,,,,,,,
rhinolophus_coelophyllus,Rhinolophus coelophyllus,,,,,,,,,,,,,,,,,,,,,,,,,,,,,,
rhinolophus_marshalli,Rhinolophus marshalli,,,,,,,,,,,,,,,,,,,,,,,,,,,,,,
rhinolophus_affinis,Rhinolophus affinis,,,,,,,,,,,,,,,,,,,,,,,,,,,,,,
rhinolophus_lepidus,Rhinolophus lepidus,,,,,,,,,,,,,,,,,,,,,,,,,,,,,,
rhinolophus_macrotis,Rhinolophus macrotis,,,,,,,,,,,,,,,,,,,,,,,,,,,,,,
rhinolophus_microglobosus,Rhinolophus microglobosus,,,,,,,,,,,,,,,,,,,,,,,,,,,,,,
rhinolophus_perniger,Rhinolophus perniger,,,,,,,,,,,,,,,,,,,,,,,,,,,,,,
rhinolophus_pearsonii,Rhinolophus pearsonii,,,,,,,,,,,,,,,,,,,,,,,,,,,,,,
rhinolophus_pusillus,Rhinolophus pusillus,,,,,,,,,,,,,,,,,,,,,,,,,,,,,,
rhinolophus_malayanus,Rhinolophus malayanus,,,,,,,,,,,,,,,,,,,,,,,,,,,,,,
rhinolophus_thomasi,Rhinolophus thomasi,,,,,,,,,,,,,,,,,,,,,,,,,,,,,,
rhinolophus_rouxii,Rhinolophus rouxii,,,,,,,,,,,,,,,,,,,,,,,,,,,,,,
rhinolophus_shortridgei,Rhinolophus shortridgei,,,,,,,,,,,,,,,,,,,,,,,,,,,,,,
rhinolophus_subbadius,Rhinolophus subbadius,,,,,,,,,,,,,,,,,,,,,,,,,,,,,,
rhinolophus_rex,Rhinolophus rex,,,,,,,,,,,,,,,,,,,,,,,,,,,,,,
rhinolophus_thailandensis,Rhinolophus thailandensis,,,,,,,,,,,,,,,,,,,,,,,,,,,,,,
rhinolophus_stheno,Rhinolophus stheno,,,,,,,,,,,,,,,,,,,,,,,,,,,,,,
rhinolophus_sinicus,Rhinolophus sinicus,,,,,,,,,,,,,,,,,,,,,,,,,,,,,,
rhinolophus_yunanensis,Rhinolophus yunanensis,,,,,,,,,,,,,,,,,,,,,,,,,,,,,,
rhinolophus_trifoliatus,Rhinolophus trifoliatus,,,,,,,,,,,,,,,,,,,,,,,,,,,,,,
rhinolophus_shameli,Rhinolophus shameli,,,,,,,,,,,,,,,,,,,,,,,,,,,,,,
aselliscus_stoliczkanus,Aselliscus stoliczkanus,,,,,,,,,,,,,,,,,,,,,,,,,,,,,,
hipposideros_armiger,Hipposideros armiger,mouse_or_smaller,bat_like,fur_or_hair,flying,cave,,brown,,,,,,,,,,,,,leaf_like,,,,,,,,,,
hipposideros_bicolor,Hipposideros bicolor,,,,,,,,,,,,,,,,,,,,,,,,,,,,,,
hipposideros_grandis,Hipposideros grandis,,,,,,,,,,,,,,,,,,,,,,,,,,,,,,
hipposideros_einnaythu,Hipposideros einnaythu,,,,,,,,,,,,,,,,,,,,,,,,,,,,,,
hipposideros_galeritus,Hipposideros galeritus,,,,,,,,,,,,,,,,,,,,,,,,,,,,,,
hipposideros_gentilis,Hipposideros gentilis,,,,,,,,,,,,,,,,,,,,,,,,,,,,,,
hipposideros_cineraceus,Hipposideros cineraceus,,,,,,,,,,,,,,,,,,,,,,,,,,,,,,
hipposideros_diadema,Hipposideros diadema,,,,,,,,,,,,,,,,,,,,,,,,,,,,,,
coelops_frithii,Coelops frithii,,,,,,,,,,,,,,,,,,,,,,,,,,,,,,
megaderma_spasma,Megaderma spasma,mouse_or_smaller,bat_like,fur_or_hair,flying,,,grey,plain,,,very_large,,,,,,,,,leaf_like,no_tail_visible,,,,,,,,,
hipposideros_lankadiva,Hipposideros lankadiva,,,,,,,,,,,,,,,,,,,,,,,,,,,,,,
hipposideros_lylei,Hipposideros lylei,,,,,,,,,,,,,,,,,,,,,,,,,,,,,,
lyroderma_lyra,Lyroderma lyra,mouse_or_smaller,bat_like,fur_or_hair,flying,,,grey,,,,very_large,,,,,,,,,leaf_like,no_tail_visible,,,,,,,,,
hipposideros_pratti,Hipposideros pratti,,,,,,,,,,,,,,,,,,,,,,,,,,,,,,
hipposideros_speoris,Hipposideros speoris,,,,,,,,,,,,,,,,,,,,,,,,,,,,,,
craseonycteris_thonglongyai,Craseonycteris thonglongyai,mouse_or_smaller,bat_like,fur_or_hair,flying,cave,dawn_or_dusk,mixed,,,,large,,pig_like,,,,,,,other,no_tail_visible,,,,,,,,,
hipposideros_pomona,Hipposideros pomona,,,,,,,,,,,,,,,,,,,,,,,,,,,,,,
hipposideros_larvatus,Hipposideros larvatus,,,,,,,,,,,,,,,,,,,,,,,,,,,,,,
miniopterus_magnater,Miniopterus magnater,,,,,,,,,,,,,,,,,,,,,,,,,,,,,,
mops_plicatus,Mops plicatus,,,,,,,,,,,,,,,,,,,,,,,,,,,,,,
saccolaimus_saccolaimus,Saccolaimus saccolaimus,,,,,,,,,,,,,,,,,,,,,,,,,,,,,,
emballonura_monticola,Emballonura monticola,,,,,,,,,,,,,,,,,,,,,,,,,,,,,,
taphozous_longimanus,Taphozous longimanus,,,,,,,,,,,,,,,,,,,,,,,,,,,,,,
taphozous_melanopogon,Taphozous melanopogon,,,,,,,,,,,,,,,,,,,,,,,,,,,,,,
taphozous_theobaldi,Taphozous theobaldi,,,,,,,,,,,,,,,,,,,,,,,,,,,,,,
tadarida_teniotis,Tadarida teniotis,,,,,,,,,,,,,,,,,,,,,,,,,,,,,,
nycteris_tragata,Nycteris tragata,,,,,,,,,,,,,,,,,,,,,,,,,,,,,,
taphozous_nudiventris,Taphozous nudiventris,,,,,,,,,,,,,,,,,,,,,,,,,,,,,,
miniopterus_fuliginosus,Miniopterus fuliginosus,,,,,,,,,,,,,,,,,,,,,,,,,,,,,,
hypsugo_affinis,Hypsugo affinis,,,,,,,,,,,,,,,,,,,,,,,,,,,,,,
hypsugo_cadornae,Hypsugo cadornae,,,,,,,,,,,,,,,,,,,,,,,,,,,,,,
arielulus_circumdatus,Arielulus circumdatus,,,,,,,,,,,,,,,,,,,,,,,,,,,,,,
eptesicus_pachyotis,Eptesicus pachyotis,,,,,,,,,,,,,,,,,,,,,,,,,,,,,,
glischropus_bucephalus,Glischropus bucephalus,,,,,,,,,,,,,,,,,,,,,,,,,,,,,,
hypsugo_dolichodon,Hypsugo dolichodon,,,,,,,,,,,,,,,,,,,,,,,,,,,,,,
miniopterus_pusillus,Miniopterus pusillus,,,,,,,,,,,,,,,,,,,,,,,,,,,,,,
hesperoptenus_tickelli,Hesperoptenus tickelli,,,,,,,,,,,,,,,,,,,,,,,,,,,,,,
hesperoptenus_blanfordi,Hesperoptenus blanfordi,,,,,,,,,,,,,,,,,,,,,,,,,,,,,,
hypsugo_lophurus,Hypsugo lophurus,,,,,,,,,,,,,,,,,,,,,,,,,,,,,,
pipistrellus_abramus,Pipistrellus abramus,,,,,,,,,,,,,,,,,,,,,,,,,,,,,,
pipistrellus_ceylonicus,Pipistrellus ceylonicus,,,,,,,,,,,,,,,,,,,,,,,,,,,,,,
nyctalus_noctula,Nyctalus noctula,,,,,,,,,,,,,,,,,,,,,,,,,,,,,,
pipistrellus_javanicus,Pipistrellus javanicus,,,,,,,,,,,,,,,,,,,,,,,,,,,,,,
pipistrellus_coromandra,Pipistrellus coromandra,,,,,,,,,,,,,,,,,,,,,,,,,,,,,,
ia_io,Ia io,,,,,,,,,,,,,,,,,,,,,,,,,,,,,,
mirostrellus_joffrei,Mirostrellus joffrei,,,,,,,,,,,,,,,,,,,,,,,,,,,,,,
hypsugo_pulveratus,Hypsugo pulveratus,,,,,,,,,,,,,,,,,,,,,,,,,,,,,,
scotophilus_kuhlii,Scotophilus kuhlii,,,,,,,,,,,,,,,,,,,,,,,,,,,,,,
tylonycteris_malayana,Tylonycteris malayana,,,,,,,,,,,,,,,,,,,,,,,,,,,,,,
pipistrellus_paterculus,Pipistrellus paterculus,,,,,,,,,,,,,,,,,,,,,,,,,,,,,,
scotophilus_heathii,Scotophilus heathii,,,,,,,,,,,,,,,,,,,,,,,,,,,,,,
pipistrellus_tenuis,Pipistrellus tenuis,,,,,,,,,,,,,,,,,,,,,,,,,,,,,,
tylonycteris_fulvida,Tylonycteris fulvida,,,,,,,,,,,,,,,,,,,,,,,,,,,,,,
scotomanes_ornatus,Scotomanes ornatus,,,,,,,,,,,,,,,,,,,,,,,,,,,,,,
kerivoula_depressa,Kerivoula depressa,,,,,,,,,,,,,,,,,,,,,,,,,,,,,,
phoniscus_jagorii,Phoniscus jagorii,,,,,,,,,,,,,,,,,,,,,,,,,,,,,,
murina_feae,Murina feae,,,,,,,,,,,,,,,,,,,,,,,,,,,,,,
harpiocephalus_harpia,Harpiocephalus harpia,,,,,,,,,,,,,,,,,,,,,,,,,,,,,,
murina_cyclotis,Murina cyclotis,,,,,,,,,,,,,,,,,,,,,,,,,,,,,,
murina_eleryi,Murina eleryi,,,,,,,,,,,,,,,,,,,,,,,,,,,,,,
kerivoula_furva,Kerivoula furva,,,,,,,,,,,,,,,,,,,,,,,,,,,,,,
kerivoula_kachinensis,Kerivoula kachinensis,,,,,,,,,,,,,,,,,,,,,,,,,,,,,,
kerivoula_titania,Kerivoula titania,,,,,,,,,,,,,,,,,,,,,,,,,,,,,,
kerivoula_picta,Kerivoula picta,,,,,,,,,,,,,,,,,,,,,,,,,,,,,,
kerivoula_hardwickii,Kerivoula hardwickii,,,,,,,,,,,,,,,,,,,,,,,,,,,,,,
myotis_chinensis,Myotis chinensis,,,,,,,,,,,,,,,,,,,,,,,,,,,,,,
myotis_hasseltii,Myotis hasseltii,,,,,,,,,,,,,,,,,,,,,,,,,,,,,,
murina_harrisoni,Murina harrisoni,,,,,,,,,,,,,,,,,,,,,,,,,,,,,,
murina_hkakaboraziensis,Murina hkakaboraziensis,,,,,,,,,,,,,,,,,,,,,,,,,,,,,,
eudiscopus_denticulus,Eudiscopus denticulus,,,,,,,,,,,,,,,,,,,,,,,,,,,,,,
myotis_horsfieldii,Myotis horsfieldii,,,,,,,,,,,,,,,,,,,,,,,,,,,,,,
murina_jaintiana,Murina jaintiana,,,,,,,,,,,,,,,,,,,,,,,,,,,,,,
murina_pluvialis,Murina pluvialis,,,,,,,,,,,,,,,,,,,,,,,,,,,,,,
murina_huttoni,Murina huttoni,,,,,,,,,,,,,,,,,,,,,,,,,,,,,,
manis_javanica,Manis javanica,,pangolin_like,scales,climbing,,,brown,,,,,,,broad_digging_feet,,,,,,,,,,,,,,,,
myotis_siligorensis,Myotis siligorensis,,,,,,,,,,,,,,,,,,,,,,,,,,,,,,
myotis_mystacinus,Myotis mystacinus,,,,,,,,,,,,,,,,,,,,,,,,,,,,,,
myotis_muricola,Myotis muricola,,,,,,,,,,,,,,,,,,,,,,,,,,,,,,
catopuma_temminckii,Catopuma temminckii,,cat_like,fur_or_hair,walking_or_running,ground,,mixed,plain,long,,,,,paws,,,,,,,,,,,,,,,,
myotis_montivagus,Myotis montivagus,,,,,,,,,,,,,,,,,,,,,,,,,,,,,,
manis_pentadactyla,Manis pentadactyla,,pangolin_like,scales,digging_or_burrowing,,,brown,,,,,,long_pointed,broad_digging_feet,,,,,,,,,,,,,,,,
pardofelis_marmorata,Pardofelis marmorata,rabbit_or_cat_sized,cat_like,fur_or_hair,climbing,tree_or_bush,,yellowish_or_buff,spotted,long,,,rounded,,,,,,,,,,,,,dark_tip,,,,,
felis_chaus,Felis chaus,,cat_like,fur_or_hair,,,,mixed,plain,short,,large,rounded,,,,,,,,,,,,,rings,,,,,
panthera_tigris,Panthera tigris,deer_sized,cat_like,fur_or_hair,,,,reddish_or_orange,striped,,,,,,,,,,,,,,,,,rings,,,,,
prionodon_linsang,Prionodon linsang,,,fur_or_hair,,tree_or_bush,,yellowish_or_buff,banded,long,,,,,,,,,,,,,,,,rings,,,,,
prionailurus_viverrinus,Prionailurus viverrinus,,cat_like,fur_or_hair,swimming,freshwater_or_wetland,,brown,spotted,short,,small,rounded,,webbed_feet,,,,,,,,,,,rings,,,,,
neofelis_nebulosa,Neofelis nebulosa,,cat_like,fur_or_hair,climbing,,,mixed,patched,very_long,thick,small,rounded,,,,,,,,,,,,,rings,,,,,
panthera_pardus,Panthera pardus,,cat_like,fur_or_hair,,,,mixed,spotted,,,small,rounded,,,,,,,,,,,,,rings,,,,,
prionailurus_bengalensis,Prionailurus bengalensis,,cat_like,fur_or_hair,,,,yellowish_or_buff,spotted,,,small,rounded,short_blunt,,,,,,,,,,,,rings,,,,,
arctictis_binturong,Arctictis binturong,,long_body_short_legs,fur_or_hair,climbing,tree_or_bush,,black,,very_long,,small,rounded,short_blunt,,,,,,,,,,,,,,,,,
viverra_megaspila,Viverra megaspila,,long_body_short_legs,fur_or_hair,,,,mixed,spotted,long,,,,long_narrow,,,,,,,,,,,,rings,,,,,
paradoxurus_musangus,Paradoxurus musangus,,,,,,,,,,,,,,,,,,,,,,,,,,,,,,
arctogalidia_trivirgata,Arctogalidia trivirgata,,long_body_short_legs,fur_or_hair,,tree_or_bush,night,mixed,striped,very_long,,,,,,,,,,,,,,,mixed,,,,,,
prionodon_pardicolor,Prionodon pardicolor,,cat_like,fur_or_hair,climbing,tree_or_bush,,yellowish_or_buff,spotted,long,ringed,,pointed,long_pointed,,,,,,,,,,,,rings,,,,,
viverricula_indica,Viverricula indica,,long_body_short_legs,fur_or_hair,,,,mixed,mixed,long,ringed,,,,,,,,,,,,,,,rings,,,,,
paguma_larvata,Paguma larvata,,long_body_short_legs,fur_or_hair,climbing,tree_or_bush,night,grey,masked,long,,,,,,,,,,,,,,,pale_mask,dark_tip,,,,,
hemigalus_derbyanus,Hemigalus derbyanus,,long_body_short_legs,fur_or_hair,,,,mixed,banded,long,,large,,long_narrow,,,,,,,,,,,mixed,,,,,,
urva_urva,Urva urva,,long_body_short_legs,fur_or_hair,swimming,freshwater_or_wetland,dawn_or_dusk,grey,patched,medium,bushy,,,long_pointed,webbed_feet,,,,,,,,,,cheek_stripes,,,,,,
urva_auropunctata,Urva auropunctata,,,,,,,,,,,,,,,,,,,,,,,,,,,,,,
viverra_zibetha,Viverra zibetha,,long_body_short_legs,fur_or_hair,,,,grey,mixed,medium,ringed,,,,,,,,,,,,,,,rings,,,,,
urva_javanica,Urva javanica,,,,,,,,,,,,,,,,,,,,,,,,,,,,,,
canis_lupus,Canis lupus,dog_sized,dog_like,fur_or_hair,walking_or_running,ground,,mixed,,long,bushy,,pointed,,paws,,,,,,,,,,,,,,,,
canis_aureus,Canis aureus,,dog_like,fur_or_hair,walking_or_running,ground,,yellowish_or_buff,plain,,,,,,paws,,,,,,,,,,,,,,,,
cuon_alpinus,Cuon alpinus,dog_sized,dog_like,fur_or_hair,walking_or_running,ground,,reddish_or_orange,plain,long,bushy,,rounded,short_blunt,,,,,,,,,,,,dark_tip,,,,,
vulpes_vulpes,Vulpes vulpes,rabbit_or_cat_sized,dog_like,fur_or_hair,,,,reddish_or_orange,,long,bushy,,pointed,long_pointed,paws,,,,,,,,,,,,,,,,
melogale_moschata,Melogale moschata,,long_body_short_legs,fur_or_hair,,,,dark_brown,dorsal_stripe,medium,bushy,large,,pig_like,,,,,,,,,,,mixed,,,,,,
aonyx_cinereus,Aonyx cinereus,rabbit_or_cat_sized,long_body_short_legs,fur_or_hair,swimming,freshwater_or_wetland,,dark_brown,,,,,,,webbed_feet,,,,,,,,,,pale_mask,,,,,,
melogale_personata,Melogale personata,,long_body_short_legs,fur_or_hair,,ground,night,mixed,dorsal_stripe,,bushy,,,,,,,,,,,,,,mixed,,,,,,
ailurus_fulgens,Ailurus fulgens,rabbit_or_cat_sized,,fur_or_hair,climbing,tree_or_bush,,reddish_or_orange,,long,bushy,large,pointed,short_blunt,,,,,,,,,,,mixed,rings,,,,,
ursus_thibetanus,Ursus thibetanus,,bear_like,fur_or_hair,,,,black,patched,short,,,,long_narrow,,,,,,,,,,,,,,,,,
helarctos_malayanus,Helarctos malayanus,,bear_like,fur_or_hair,climbing,tree_or_bush,,black,patched,short,,small,rounded,short_blunt,,,,,,,,,,,,,,,,,
lutrogale_perspicillata,Lutrogale perspicillata,,long_body_short_legs,fur_or_hair,swimming,freshwater_or_wetland,,brown,,,flattened,,,short_blunt,webbed_feet,,,,,,,,,,,,,,,,
martes_flavigula,Martes flavigula,,long_body_short_legs,fur_or_hair,,,,mixed,patched,long,bushy,,,,,,,,,,,,,,,,,,,,
lutra_sumatrana,Lutra sumatrana,,long_body_short_legs,fur_or_hair,swimming,freshwater_or_wetland,,dark_brown,patched,,thin,,,,webbed_feet,,,,,,,,,,,,,,,,
martes_foina,Martes foina,,,,,,,,,,,,,,,,,,,,,,,,,,,,,,
arctonyx_albogularis,Arctonyx albogularis,,,,,,,,,,,,,,,,,,,,,,,,,,,,,,
arctonyx_collaris,Arctonyx collaris,,long_body_short_legs,fur_or_hair,,,,grey,masked,short,,,,,,,,,,,,,,,eye_stripes,,,,,,
mustela_kathiah,Mustela kathiah,,,,,,,,,,,,,,,,,,,,,,,,,,,,,,
lutra_lutra,Lutra lutra,dog_sized,long_body_short_legs,fur_or_hair,swimming,freshwater_or_wetland,,dark_brown,,long,thick,,,,webbed_feet,,,,,,,,,,,,,,,,
mustela_strigidorsa,Mustela strigidorsa,,long_body_short_legs,fur_or_hair,,,,dark_brown,dorsal_stripe,long,,,,,,,,,,,,,,,,,,,,,
sus_scrofa,Sus scrofa,,pig_like,fur_or_hair,,,,mixed,,,,,,pig_like,,,,,,,,,,,,,,,,,
rhinoceros_unicornis,Rhinoceros unicornis,cow_or_larger,rhino_like,,,,,grey,,,,,,short_blunt,,single_horn,,,,,,,,,,,,,,,
rhinoceros_sondaicus,Rhinoceros sondaicus,cow_or_larger,rhino_like,mostly_smooth_skin,walking_or_running,ground,,grey,plain,,,,,long_pointed,,single_horn,,,,,,,,,,,,,,,
dicerorhinus_sumatrensis,Dicerorhinus sumatrensis,cow_or_larger,rhino_like,fur_or_hair,walking_or_running,ground,,reddish_or_orange,plain,,,,,,,horns,,,,,,,,,,,,,,,
tapirus_indicus,Tapirus indicus,,tapir_like,,,,,mixed,patched,,,,,trunk_like,hooves,,,,,,,,,,,,,,,,
mustela_sibirica,Mustela sibirica,,,,,,,,,,,,,,,,,,,,,,,,,,,,,,
rucervus_eldii,Rucervus eldii,deer_sized,hoofed_like,fur_or_hair,,,,brown,,short,,large,,,,,,,,,,,,,,,,,,,
axis_porcinus,Axis porcinus,dog_sized,hoofed_like,fur_or_hair,,,,dark_brown,,,,large,rounded,short_blunt,,,,,,,,,,,,,,,,,
moschus_fuscus,Moschus fuscus,,,,,,,,,,,,,,,,,,,,,,,,,,,,,,
tragulus_kanchil,Tragulus kanchil,,,,,,,,,,,,,,,,,,,,,,,,,,,,,,
tragulus_napu,Tragulus napu,rabbit_or_cat_sized,hoofed_like,fur_or_hair,walking_or_running,ground,,reddish_or_orange,,short,,,,long_pointed,hooves,none_visible,,,,,,,,,,,,,,,
tragulus_williamsoni,Tragulus williamsoni,,,,,,,,,,,,,,,,,,,,,,,,,,,,,,
rusa_unicolor,Rusa unicolor,deer_sized,hoofed_like,fur_or_hair,,,,dark_brown,plain,,bushy,,,,,,,,,,,,,,,,,,,,
muntiacus_feae,Muntiacus feae,dog_sized,hoofed_like,fur_or_hair,,ground,night,brown,plain,long,,,,,hooves,,,,,,,,,,,,,,,,
muntiacus_gongshanensis,Muntiacus gongshanensis,,,,,,,,,,,,,,,,,,,,,,,,,,,,,,
muntiacus_vaginalis,Muntiacus vaginalis,,,,,,,,,,,,,,,,,,,,,,,,,,,,,,
elaphodus_cephalophus,Elaphodus cephalophus,dog_sized,hoofed_like,fur_or_hair,,ground,dawn_or_dusk,dark_brown,plain,short,,small,,,hooves,,,,,,,,,,,,,,,,
bos_gaurus,Bos gaurus,cow_or_larger,hoofed_like,fur_or_hair,,,,dark_brown,patched,,,,,,,horns,,,,,,,,,,,,,,,
muntiacus_putaoensis,Muntiacus putaoensis,,,,,,,,,,,,,,,,,,,,,,,,,,,,,,
capricornis_rubidus,Capricornis rubidus,,,,,,,,,,,,,,,,,,,,,,,,,,,,,,
budorcas_taxicolor,Budorcas taxicolor,cow_or_larger,hoofed_like,fur_or_hair,walking_or_running,ground,,mixed,dorsal_stripe,short,,,,,hooves,horns,curved,,,,,,,,,,,,,,
bos_javanicus,Bos javanicus,cow_or_larger,hoofed_like,fur_or_hair,,,,mixed,patched,,,,,,,horns,curved,,,,,,,,,,,,,,
bubalus_arnee,Bubalus arnee,cow_or_larger,hoofed_like,fur_or_hair,walking_or_running,ground,,dark_brown,,,,,,,hooves,horns,curved,,,,,,,,,,,,,,
naemorhedus_cranbrooki,Naemorhedus cranbrooki,,,,,,,,,,,,,,,,,,,,,,,,,,,,,,
capricornis_milneedwardsi,Capricornis milneedwardsi,,,,,,,,,,,,,,,,,,,,,,,,,,,,,,
megaptera_novaeangliae,Megaptera novaeangliae,cow_or_larger,whale_dolphin_like,mostly_smooth_skin,swimming,sea_or_coast,,black,patched,,fluked,,,,,,,,,,,,,,,,small,no_distinct_beak,mixed,,
balaenoptera_physalus,Balaenoptera physalus,,,,,,,,,,,,,,,,,,,,,,,,,,,,,,
balaenoptera_omurai,Balaenoptera omurai,,,,,,,,,,,,,,,,,,,,,,,,,,,,,,
balaenoptera_edeni,Balaenoptera edeni,,,,,,,,,,,,,,,,,,,,,,,,,,,,,,
naemorhedus_griseus,Naemorhedus griseus,,,,,,,,,,,,,,,,,,,,,,,,,,,,,,
balaenoptera_musculus,Balaenoptera musculus,cow_or_larger,whale_dolphin_like,mostly_smooth_skin,swimming,sea_or_coast,,grey,mixed,,fluked,,,,,,,,,,,,,,,,small,no_distinct_beak,mottled,,
balaenoptera_borealis,Balaenoptera borealis,,,,,,,,,,,,,,,,,,,,,,,,,,,,,,
naemorhedus_evansi,Naemorhedus evansi,,,,,,,,,,,,,,,,,,,,,,,,,,,,,,
balaenoptera_acutorostrata,Balaenoptera acutorostrata,,,,,,,,,,,,,,,,,,,,,,,,,,,,,,
pseudois_nayaur,Pseudois nayaur,,hoofed_like,fur_or_hair,walking_or_running,ground,,grey,striped,,,,,,hooves,horns,curved,,,,,,,,,,,,,,
peponocephala_electra,Peponocephala electra,,,,,,,,,,,,,,,,,,,,,,,,,,,,,,
orcinus_orca,Orcinus orca,cow_or_larger,whale_dolphin_like,mostly_smooth_skin,swimming,sea_or_coast,,black,patched,,fluked,,,,,,,,,,,,,,,,tall,no_distinct_beak,eye_patch,,
grampus_griseus,Grampus griseus,,,,,,,,,,,,,,,,,,,,,,,,,,,,,,
globicephala_macrorhynchus,Globicephala macrorhynchus,,,,,,,,,,,,,,,,,,,,,,,,,,,,,,
feresa_attenuata,Feresa attenuata,,,,,,,,,,,,,,,,,,,,,,,,,,,,,,
delphinus_capensis,Delphinus capensis,,,,,,,,,,,,,,,,,,,,,,,,,,,,,,
lagenodelphis_hosei,Lagenodelphis hosei,,,,,,,,,,,,,,,,,,,,,,,,,,,,,,
orcaella_brevirostris,Orcaella brevirostris,,whale_dolphin_like,mostly_smooth_skin,swimming,freshwater_or_wetland,,grey,,,fluked,,,,,,,,,,,,,,,,small,no_distinct_beak,light_belly,,
pseudorca_crassidens,Pseudorca crassidens,,,,,,,,,,,,,,,,,,,,,,,,,,,,,,
sousa_chinensis,Sousa chinensis,,,,,,,,,,,,,,,,,,,,,,,,,,,,,,
neophocaena_phocaenoides,Neophocaena phocaenoides,,,,,,,,,,,,,,,,,,,,,,,,,,,,,,
stenella_longirostris,Stenella longirostris,,whale_dolphin_like,mostly_smooth_skin,swimming,sea_or_coast,,grey,,,fluked,,,,,,,,,,,,,,,,,obvious_long_beak,light_belly,,
stenella_coeruleoalba,Stenella coeruleoalba,,,,,,,,,,,,,,,,,,,,,,,,,,,,,,
physeter_macrocephalus,Physeter macrocephalus,cow_or_larger,whale_dolphin_like,mostly_smooth_skin,swimming,sea_or_coast,,grey,,,fluked,,,,,,,,,,,,,,,,small,no_distinct_beak,mostly_grey,,
kogia_sima,Kogia sima,,,,,,,,,,,,,,,,,,,,,,,,,,,,,,
kogia_breviceps,Kogia breviceps,,,,,,,,,,,,,,,,,,,,,,,,,,,,,,
steno_bredanensis,Steno bredanensis,,,,,,,,,,,,,,,,,,,,,,,,,,,,,,
tursiops_aduncus,Tursiops aduncus,,,,,,,,,,,,,,,,,,,,,,,,,,,,,,
stenella_attenuata,Stenella attenuata,,,,,,,,,,,,,,,,,,,,,,,,,,,,,,
tursiops_truncatus,Tursiops truncatus,,whale_dolphin_like,mostly_smooth_skin,swimming,sea_or_coast,,grey,,,fluked,,,,,,,,,,,,,,,,curved_back,short_beak,light_belly,,
ziphius_cavirostris,Ziphius cavirostris,,,,,,,,,,,,,,,,,,,,,,,,,,,,,,
mesoplodon_ginkgodens,Mesoplodon ginkgodens,,,,,,,,,,,,,,,,,,,,,,,,,,,,,,
indopacetus_pacificus,Indopacetus pacificus,,,,,,,,,,,,,,,,,,,,,,,,,,,,,,
mesoplodon_densirostris,Mesoplodon densirostris,,,,,,,,,,,,,,,,,,,,,,,,,,,,,,
mesoplodon_layardii,Mesoplodon layardii,,,,,,,,,,,,,,,,,,,,,,,,,,,,,,
