species_a,scientific_name_a,species_b,scientific_name_b,shared_known_traits,matches,conflicts,similarity,matching_traits,conflicting_traits
callosciurus_erythraeus,Callosciurus erythraeus,callosciurus_finlaysonii,Callosciurus finlaysonii,8,8,0,1,body_form|body_covering|movement_seen|time_seen|primary_color|tail_impression|tail_shape|rodent_tail_type,
callosciurus_finlaysonii,Callosciurus finlaysonii,callosciurus_caniceps,Callosciurus caniceps,7,7,0,1,body_form|body_covering|movement_seen|primary_color|tail_impression|tail_shape|rodent_tail_type,
rattus_andamanensis,Rattus andamanensis,rattus_norvegicus,Rattus norvegicus,14,13,1,0.929,body_form|body_covering|movement_seen|observation_place|time_seen|primary_color|body_pattern|tail_impression|ear_size_impression|ear_shape_simple|snout_shape_simple|leg_foot_appearance|rodent_tail_type,rodent_tail_relative_length
mus_cervicolor,Mus cervicolor,rattus_andamanensis,Rattus andamanensis,12,11,1,0.917,body_form|body_covering|movement_seen|observation_place|primary_color|body_pattern|ear_size_impression|ear_shape_simple|snout_shape_simple|leg_foot_appearance|rodent_tail_type,tail_impression
mus_cervicolor,Mus cervicolor,rattus_norvegicus,Rattus norvegicus,12,11,1,0.917,body_form|body_covering|movement_seen|observation_place|primary_color|body_pattern|ear_size_impression|ear_shape_simple|snout_shape_simple|leg_foot_appearance|rodent_tail_type,tail_impression
mus_caroli,Mus caroli,rattus_exulans,Rattus exulans,12,11,1,0.917,body_form|body_covering|movement_seen|observation_place|primary_color|body_pattern|tail_impression|ear_shape_simple|snout_shape_simple|leg_foot_appearance|rodent_tail_type,ear_size_impression
mus_caroli,Mus caroli,rattus_andamanensis,Rattus andamanensis,12,11,1,0.917,body_form|body_covering|movement_seen|observation_place|primary_color|tail_impression|ear_size_impression|ear_shape_simple|snout_shape_simple|leg_foot_appearance|rodent_tail_type,body_pattern
mus_caroli,Mus caroli,rattus_norvegicus,Rattus norvegicus,12,11,1,0.917,body_form|body_covering|movement_seen|observation_place|primary_color|tail_impression|ear_size_impression|ear_shape_simple|snout_shape_simple|leg_foot_appearance|rodent_tail_type,body_pattern
chiropodomys_gliroides,Chiropodomys gliroides,chiromyscus_chiropus,Chiromyscus chiropus,11,10,1,0.909,body_form|body_covering|movement_seen|observation_place|body_pattern|tail_impression|ear_size_impression|ear_shape_simple|leg_foot_appearance|rodent_tail_type,primary_color
bandicota_bengalensis,Bandicota bengalensis,bandicota_indica,Bandicota indica,11,10,1,0.909,body_form|body_covering|movement_seen|observation_place|time_seen|body_pattern|tail_impression|snout_shape_simple|leg_foot_appearance|rodent_tail_type,primary_color
berylmys_berdmorei,Berylmys berdmorei,berylmys_bowersi,Berylmys bowersi,11,10,1,0.909,body_form|body_covering|movement_seen|observation_place|primary_color|body_pattern|ear_size_impression|ear_shape_simple|leg_foot_appearance|rodent_tail_type,tail_impression
petaurista_elegans,Petaurista elegans,petaurista_philippensis,Petaurista philippensis,10,9,1,0.9,body_size_impression|body_form|body_covering|movement_seen|observation_place|primary_color|tail_impression|tail_shape|gliding_membrane_visible,gliding_mammal_marking_pattern
tamiops_swinhoei,Tamiops swinhoei,callosciurus_quinquestriatus,Callosciurus quinquestriatus,10,9,1,0.9,body_form|body_covering|movement_seen|observation_place|primary_color|body_pattern|tail_shape|rodent_tail_type|squirrel_ventral_or_side_pattern,body_size_impression
cannomys_badius,Cannomys badius,rhizomys_pruinosus,Rhizomys pruinosus,10,9,1,0.9,body_size_impression|body_form|body_covering|observation_place|primary_color|tail_impression|ear_size_impression|leg_foot_appearance|rodent_tail_type,movement_seen
maxomys_surifer,Maxomys surifer,mus_caroli,Mus caroli,10,9,1,0.9,body_form|body_covering|movement_seen|observation_place|body_pattern|tail_impression|snout_shape_simple|leg_foot_appearance|rodent_tail_type,primary_color
maxomys_surifer,Maxomys surifer,rattus_exulans,Rattus exulans,10,9,1,0.9,body_form|body_covering|movement_seen|observation_place|body_pattern|tail_impression|snout_shape_simple|leg_foot_appearance|rodent_tail_type,primary_color
vandeleuria_oleracea,Vandeleuria oleracea,vernaya_fulva,Vernaya fulva,10,9,1,0.9,body_form|body_covering|movement_seen|observation_place|body_pattern|tail_impression|tail_shape|leg_foot_appearance|rodent_tail_type,primary_color
megaderma_spasma,Megaderma spasma,lyroderma_lyra,Lyroderma lyra,10,9,1,0.9,body_size_impression|body_form|body_covering|movement_seen|primary_color|body_pattern|ear_size_impression|bat_nose_shape|bat_tail_visibility,bat_face_or_shoulder_layout
balaenoptera_musculus,Balaenoptera musculus,physeter_macrocephalus,Physeter macrocephalus,10,9,1,0.9,body_size_impression|body_form|body_covering|movement_seen|observation_place|primary_color|tail_shape|cetacean_dorsal_fin|cetacean_beak,cetacean_color_pattern
hoolock_leuconedys,Hoolock leuconedys,hoolock_hoolock,Hoolock hoolock,9,8,1,0.889,body_form|body_covering|movement_seen|observation_place|primary_color|tail_impression|leg_foot_appearance|primate_face_marking,primate_brow_pattern
hoolock_leuconedys,Hoolock leuconedys,hoolock_tianxing,Hoolock tianxing,9,8,1,0.889,body_form|body_covering|movement_seen|observation_place|primary_color|tail_impression|leg_foot_appearance|primate_face_marking,primate_brow_pattern
hoolock_hoolock,Hoolock hoolock,hoolock_tianxing,Hoolock tianxing,9,8,1,0.889,body_form|body_covering|movement_seen|observation_place|primary_color|tail_impression|leg_foot_appearance|primate_face_marking,primate_brow_pattern
petaurista_magnificus,Petaurista magnificus,petaurista_petaurista,Petaurista petaurista,9,8,1,0.889,body_form|body_covering|movement_seen|observation_place|primary_color|tail_impression|tail_shape|gliding_membrane_visible,gliding_mammal_marking_pattern
petaurista_magnificus,Petaurista magnificus,petaurista_elegans,Petaurista elegans,9,8,1,0.889,body_form|body_covering|movement_seen|observation_place|tail_impression|tail_shape|gliding_membrane_visible|gliding_mammal_marking_pattern,primary_color
callosciurus_erythraeus,Callosciurus erythraeus,callosciurus_caniceps,Callosciurus caniceps,9,8,1,0.889,body_form|body_covering|movement_seen|observation_place|primary_color|tail_impression|tail_shape|rodent_tail_type,squirrel_ventral_or_side_pattern
callosciurus_erythraeus,Callosciurus erythraeus,dremomys_lokriah,Dremomys lokriah,9,8,1,0.889,body_form|body_covering|movement_seen|observation_place|tail_impression|tail_shape|rodent_tail_type|squirrel_ventral_or_side_pattern,primary_color
tamiops_swinhoei,Tamiops swinhoei,tamiops_mcclellandii,Tamiops mcclellandii,9,8,1,0.889,body_size_impression|body_form|body_covering|movement_seen|time_seen|primary_color|body_pattern|tail_shape,rodent_tail_type
chiromyscus_chiropus,Chiromyscus chiropus,vandeleuria_oleracea,Vandeleuria oleracea,9,8,1,0.889,body_form|body_covering|movement_seen|observation_place|primary_color|tail_impression|leg_foot_appearance|rodent_tail_type,body_pattern
anourosorex_squamipes,Anourosorex squamipes,euroscaptor_grandis,Euroscaptor grandis,9,8,1,0.889,body_form|body_covering|movement_seen|observation_place|tail_impression|ear_size_impression|snout_shape_simple|leg_foot_appearance,primary_color
budorcas_taxicolor,Budorcas taxicolor,bubalus_arnee,Bubalus arnee,9,8,1,0.889,body_size_impression|body_form|body_covering|movement_seen|observation_place|leg_foot_appearance|horns_or_antlers|horn_shape_simple,primary_color
balaenoptera_physalus,Balaenoptera physalus,balaenoptera_edeni,Balaenoptera edeni,9,8,1,0.889,body_form|body_covering|movement_seen|observation_place|primary_color|cetacean_dorsal_fin|cetacean_beak|cetacean_color_pattern,cetacean_head_or_body_marking
balaenoptera_physalus,Balaenoptera physalus,balaenoptera_borealis,Balaenoptera borealis,9,8,1,0.889,body_form|body_covering|movement_seen|observation_place|primary_color|cetacean_dorsal_fin|cetacean_beak|cetacean_color_pattern,cetacean_head_or_body_marking
balaenoptera_physalus,Balaenoptera physalus,balaenoptera_acutorostrata,Balaenoptera acutorostrata,9,8,1,0.889,body_form|body_covering|movement_seen|observation_place|primary_color|cetacean_dorsal_fin|cetacean_beak|cetacean_color_pattern,cetacean_head_or_body_marking
balaenoptera_edeni,Balaenoptera edeni,balaenoptera_borealis,Balaenoptera borealis,9,8,1,0.889,body_form|body_covering|movement_seen|observation_place|primary_color|cetacean_dorsal_fin|cetacean_beak|cetacean_color_pattern,cetacean_head_or_body_marking
balaenoptera_edeni,Balaenoptera edeni,balaenoptera_acutorostrata,Balaenoptera acutorostrata,9,8,1,0.889,body_form|body_covering|movement_seen|observation_place|primary_color|cetacean_dorsal_fin|cetacean_beak|cetacean_color_pattern,cetacean_head_or_body_marking
balaenoptera_musculus,Balaenoptera musculus,ziphius_cavirostris,Ziphius cavirostris,9,8,1,0.889,body_form|body_covering|movement_seen|observation_place|primary_color|body_pattern|cetacean_beak|cetacean_color_pattern,cetacean_dorsal_fin
balaenoptera_borealis,Balaenoptera borealis,balaenoptera_acutorostrata,Balaenoptera acutorostrata,9,8,1,0.889,body_form|body_covering|movement_seen|observation_place|primary_color|cetacean_dorsal_fin|cetacean_beak|cetacean_color_pattern,cetacean_head_or_body_marking
grampus_griseus,Grampus griseus,ziphius_cavirostris,Ziphius cavirostris,9,8,1,0.889,body_form|body_covering|movement_seen|observation_place|primary_color|cetacean_dorsal_fin|cetacean_beak|cetacean_color_pattern,cetacean_head_or_body_marking
stenella_longirostris,Stenella longirostris,steno_bredanensis,Steno bredanensis,9,8,1,0.889,body_form|body_covering|movement_seen|observation_place|primary_color|cetacean_dorsal_fin|cetacean_beak|cetacean_color_pattern,cetacean_head_or_body_marking
galeopterus_variegatus,Galeopterus variegatus,petaurista_caniceps,Petaurista caniceps,8,7,1,0.875,body_form|body_covering|movement_seen|observation_place|primary_color|body_pattern|gliding_membrane_visible,gliding_mammal_marking_pattern
tupaia_belangeri,Tupaia belangeri,dremomys_lokriah,Dremomys lokriah,8,7,1,0.875,body_form|body_covering|movement_seen|observation_place|primary_color|tail_impression|tail_shape,squirrel_ventral_or_side_pattern
hoolock_leuconedys,Hoolock leuconedys,hylobates_lar,Hylobates lar,8,7,1,0.875,body_form|body_covering|movement_seen|observation_place|primary_color|tail_impression|leg_foot_appearance,primate_face_marking
hoolock_hoolock,Hoolock hoolock,hylobates_lar,Hylobates lar,8,7,1,0.875,body_form|body_covering|movement_seen|observation_place|primary_color|tail_impression|leg_foot_appearance,primate_face_marking
hoolock_tianxing,Hoolock tianxing,hylobates_lar,Hylobates lar,8,7,1,0.875,body_form|body_covering|movement_seen|observation_place|primary_color|tail_impression|leg_foot_appearance,primate_face_marking
hylopetes_phayrei,Hylopetes phayrei,eupetaurus_nivamons,Eupetaurus nivamons,8,7,1,0.875,body_form|body_covering|movement_seen|observation_place|primary_color|body_pattern|gliding_membrane_visible,gliding_mammal_marking_pattern
callosciurus_finlaysonii,Callosciurus finlaysonii,callosciurus_pygerythrus,Callosciurus pygerythrus,8,7,1,0.875,body_form|body_covering|movement_seen|time_seen|tail_impression|tail_shape|rodent_tail_type,primary_color
callosciurus_caniceps,Callosciurus caniceps,callosciurus_pygerythrus,Callosciurus pygerythrus,8,7,1,0.875,body_form|body_covering|movement_seen|tail_impression|tail_shape|rodent_tail_type|squirrel_ventral_or_side_pattern,primary_color
tamiops_swinhoei,Tamiops swinhoei,callosciurus_pygerythrus,Callosciurus pygerythrus,8,7,1,0.875,body_form|body_covering|movement_seen|time_seen|primary_color|tail_shape|rodent_tail_type,squirrel_ventral_or_side_pattern
dremomys_pernyi,Dremomys pernyi,menetes_berdmorei,Menetes berdmorei,8,7,1,0.875,body_form|body_covering|movement_seen|observation_place|time_seen|primary_color|rodent_tail_type,squirrel_ventral_or_side_pattern
dremomys_pernyi,Dremomys pernyi,urva_auropunctata,Urva auropunctata,8,7,1,0.875,body_covering|movement_seen|observation_place|time_seen|primary_color|tail_shape|snout_shape_simple,body_form
tamiops_mcclellandii,Tamiops mcclellandii,callosciurus_pygerythrus,Callosciurus pygerythrus,8,7,1,0.875,body_form|body_covering|movement_seen|time_seen|primary_color|tail_impression|tail_shape,rodent_tail_type
callosciurus_quinquestriatus,Callosciurus quinquestriatus,callosciurus_pygerythrus,Callosciurus pygerythrus,8,7,1,0.875,body_form|body_covering|movement_seen|primary_color|tail_impression|tail_shape|rodent_tail_type,squirrel_ventral_or_side_pattern
cynopterus_sphinx,Cynopterus sphinx,eonycteris_spelaea,Eonycteris spelaea,8,7,1,0.875,body_size_impression|body_form|body_covering|movement_seen|body_pattern|snout_shape_simple|bat_tail_visibility,primary_color
cynopterus_sphinx,Cynopterus sphinx,macroglossus_sobrinus,Macroglossus sobrinus,8,7,1,0.875,body_size_impression|body_form|body_covering|movement_seen|primary_color|body_pattern|snout_shape_simple,bat_tail_visibility
pteropus_medius,Pteropus medius,pteropus_hypomelanus,Pteropus hypomelanus,8,7,1,0.875,body_form|body_covering|movement_seen|observation_place|time_seen|body_pattern|bat_tail_visibility,primary_color
melogale_moschata,Melogale moschata,melogale_personata,Melogale personata,8,7,1,0.875,body_form|body_covering|observation_place|time_seen|body_pattern|tail_shape|carnivore_face_marking,primary_color
aonyx_cinereus,Aonyx cinereus,lutra_sumatrana,Lutra sumatrana,8,7,1,0.875,body_form|body_covering|movement_seen|observation_place|primary_color|body_pattern|leg_foot_appearance,tail_shape
capricornis_rubidus,Capricornis rubidus,naemorhedus_cranbrooki,Naemorhedus cranbrooki,8,7,1,0.875,body_form|body_covering|primary_color|body_pattern|horns_or_antlers|horn_shape_simple|ungulate_horn_or_antler_layout,ungulate_marking_layout
budorcas_taxicolor,Budorcas taxicolor,naemorhedus_cranbrooki,Naemorhedus cranbrooki,8,7,1,0.875,body_form|body_covering|observation_place|body_pattern|leg_foot_appearance|horns_or_antlers|horn_shape_simple,primary_color
budorcas_taxicolor,Budorcas taxicolor,naemorhedus_griseus,Naemorhedus griseus,8,7,1,0.875,body_form|body_covering|observation_place|body_pattern|leg_foot_appearance|horns_or_antlers|horn_shape_simple,primary_color
bubalus_arnee,Bubalus arnee,pseudois_nayaur,Pseudois nayaur,8,7,1,0.875,body_form|body_covering|movement_seen|observation_place|leg_foot_appearance|horns_or_antlers|horn_shape_simple,primary_color
naemorhedus_cranbrooki,Naemorhedus cranbrooki,naemorhedus_griseus,Naemorhedus griseus,8,7,1,0.875,body_form|body_covering|observation_place|body_pattern|leg_foot_appearance|horns_or_antlers|horn_shape_simple,primary_color
megaptera_novaeangliae,Megaptera novaeangliae,peponocephala_electra,Peponocephala electra,8,7,1,0.875,body_form|body_covering|movement_seen|observation_place|primary_color|cetacean_beak|cetacean_color_pattern,cetacean_head_or_body_marking
balaenoptera_physalus,Balaenoptera physalus,pseudorca_crassidens,Pseudorca crassidens,8,7,1,0.875,body_form|body_covering|movement_seen|observation_place|cetacean_dorsal_fin|cetacean_beak|cetacean_color_pattern,primary_color
balaenoptera_physalus,Balaenoptera physalus,neophocaena_phocaenoides,Neophocaena phocaenoides,8,7,1,0.875,body_form|body_covering|movement_seen|observation_place|primary_color|cetacean_beak|cetacean_color_pattern,cetacean_dorsal_fin
balaenoptera_physalus,Balaenoptera physalus,kogia_sima,Kogia sima,8,7,1,0.875,body_form|body_covering|movement_seen|observation_place|primary_color|cetacean_beak|cetacean_color_pattern,cetacean_dorsal_fin
balaenoptera_physalus,Balaenoptera physalus,kogia_breviceps,Kogia breviceps,8,7,1,0.875,body_form|body_covering|movement_seen|observation_place|primary_color|cetacean_beak|cetacean_color_pattern,cetacean_dorsal_fin
balaenoptera_edeni,Balaenoptera edeni,pseudorca_crassidens,Pseudorca crassidens,8,7,1,0.875,body_form|body_covering|movement_seen|observation_place|cetacean_dorsal_fin|cetacean_beak|cetacean_color_pattern,primary_color
balaenoptera_edeni,Balaenoptera edeni,neophocaena_phocaenoides,Neophocaena phocaenoides,8,7,1,0.875,body_form|body_covering|movement_seen|observation_place|primary_color|cetacean_beak|cetacean_color_pattern,cetacean_dorsal_fin
balaenoptera_edeni,Balaenoptera edeni,kogia_sima,Kogia sima,8,7,1,0.875,body_form|body_covering|movement_seen|observation_place|primary_color|cetacean_beak|cetacean_color_pattern,cetacean_dorsal_fin
balaenoptera_edeni,Balaenoptera edeni,kogia_breviceps,Kogia breviceps,8,7,1,0.875,body_form|body_covering|movement_seen|observation_place|primary_color|cetacean_beak|cetacean_color_pattern,cetacean_dorsal_fin
naemorhedus_griseus,Naemorhedus griseus,pseudois_nayaur,Pseudois nayaur,8,7,1,0.875,body_form|body_covering|observation_place|primary_color|leg_foot_appearance|horns_or_antlers|horn_shape_simple,body_pattern
balaenoptera_musculus,Balaenoptera musculus,grampus_griseus,Grampus griseus,8,7,1,0.875,body_form|body_covering|movement_seen|observation_place|primary_color|cetacean_beak|cetacean_color_pattern,cetacean_dorsal_fin
balaenoptera_musculus,Balaenoptera musculus,kogia_sima,Kogia sima,8,7,1,0.875,body_form|body_covering|movement_seen|observation_place|primary_color|cetacean_dorsal_fin|cetacean_beak,cetacean_color_pattern
balaenoptera_borealis,Balaenoptera borealis,pseudorca_crassidens,Pseudorca crassidens,8,7,1,0.875,body_form|body_covering|movement_seen|observation_place|cetacean_dorsal_fin|cetacean_beak|cetacean_color_pattern,primary_color
balaenoptera_borealis,Balaenoptera borealis,neophocaena_phocaenoides,Neophocaena phocaenoides,8,7,1,0.875,body_form|body_covering|movement_seen|observation_place|primary_color|cetacean_beak|cetacean_color_pattern,cetacean_dorsal_fin
balaenoptera_borealis,Balaenoptera borealis,kogia_sima,Kogia sima,8,7,1,0.875,body_form|body_covering|movement_seen|observation_place|primary_color|cetacean_beak|cetacean_color_pattern,cetacean_dorsal_fin
balaenoptera_borealis,Balaenoptera borealis,kogia_breviceps,Kogia breviceps,8,7,1,0.875,body_form|body_covering|movement_seen|observation_place|primary_color|cetacean_beak|cetacean_color_pattern,cetacean_dorsal_fin
balaenoptera_acutorostrata,Balaenoptera acutorostrata,pseudorca_crassidens,Pseudorca crassidens,8,7,1,0.875,body_form|body_covering|movement_seen|observation_place|cetacean_dorsal_fin|cetacean_beak|cetacean_color_pattern,primary_color
balaenoptera_acutorostrata,Balaenoptera acutorostrata,neophocaena_phocaenoides,Neophocaena phocaenoides,8,7,1,0.875,body_form|body_covering|movement_seen|observation_place|primary_color|cetacean_beak|cetacean_color_pattern,cetacean_dorsal_fin
balaenoptera_acutorostrata,Balaenoptera acutorostrata,kogia_sima,Kogia sima,8,7,1,0.875,body_form|body_covering|movement_seen|observation_place|primary_color|cetacean_beak|cetacean_color_pattern,cetacean_dorsal_fin
balaenoptera_acutorostrata,Balaenoptera acutorostrata,kogia_breviceps,Kogia breviceps,8,7,1,0.875,body_form|body_covering|movement_seen|observation_place|primary_color|cetacean_beak|cetacean_color_pattern,cetacean_dorsal_fin
orcinus_orca,Orcinus orca,feresa_attenuata,Feresa attenuata,8,7,1,0.875,body_form|body_covering|movement_seen|observation_place|primary_color|cetacean_dorsal_fin|cetacean_beak,cetacean_color_pattern
feresa_attenuata,Feresa attenuata,pseudorca_crassidens,Pseudorca crassidens,8,7,1,0.875,body_form|body_covering|movement_seen|observation_place|primary_color|cetacean_beak|cetacean_color_pattern,cetacean_dorsal_fin
orcaella_brevirostris,Orcaella brevirostris,kogia_sima,Kogia sima,8,7,1,0.875,body_form|body_covering|movement_seen|primary_color|cetacean_dorsal_fin|cetacean_beak|cetacean_color_pattern,observation_place
neophocaena_phocaenoides,Neophocaena phocaenoides,kogia_sima,Kogia sima,8,7,1,0.875,body_form|body_covering|movement_seen|observation_place|primary_color|cetacean_beak|cetacean_color_pattern,cetacean_dorsal_fin
neophocaena_phocaenoides,Neophocaena phocaenoides,kogia_breviceps,Kogia breviceps,8,7,1,0.875,body_form|body_covering|movement_seen|observation_place|primary_color|cetacean_beak|cetacean_color_pattern,cetacean_dorsal_fin
stenella_longirostris,Stenella longirostris,stenella_coeruleoalba,Stenella coeruleoalba,8,7,1,0.875,body_form|body_covering|movement_seen|observation_place|primary_color|cetacean_dorsal_fin|cetacean_beak,cetacean_color_pattern
stenella_coeruleoalba,Stenella coeruleoalba,steno_bredanensis,Steno bredanensis,8,7,1,0.875,body_form|body_covering|movement_seen|observation_place|primary_color|cetacean_dorsal_fin|cetacean_beak,cetacean_color_pattern
physeter_macrocephalus,Physeter macrocephalus,kogia_sima,Kogia sima,8,7,1,0.875,body_form|body_covering|movement_seen|observation_place|primary_color|cetacean_dorsal_fin|cetacean_beak,cetacean_color_pattern
kogia_sima,Kogia sima,kogia_breviceps,Kogia breviceps,8,7,1,0.875,body_form|body_covering|movement_seen|observation_place|primary_color|cetacean_beak|cetacean_color_pattern,cetacean_dorsal_fin
galeopterus_variegatus,Galeopterus variegatus,hylopetes_spadiceus,Hylopetes spadiceus,7,6,1,0.857,body_form|body_covering|movement_seen|observation_place|body_pattern|gliding_membrane_visible,primary_color
galeopterus_variegatus,Galeopterus variegatus,petaurista_elegans,Petaurista elegans,7,6,1,0.857,body_form|body_covering|movement_seen|observation_place|gliding_membrane_visible|gliding_mammal_marking_pattern,primary_color
galeopterus_variegatus,Galeopterus variegatus,hylopetes_alboniger,Hylopetes alboniger,7,6,1,0.857,body_form|body_covering|movement_seen|observation_place|body_pattern|gliding_membrane_visible,primary_color
nycticebus_bengalensis,Nycticebus bengalensis,hoolock_leuconedys,Hoolock leuconedys,7,6,1,0.857,body_form|body_covering|movement_seen|observation_place|primary_color|tail_impression,primate_face_marking
nycticebus_bengalensis,Nycticebus bengalensis,hoolock_hoolock,Hoolock hoolock,7,6,1,0.857,body_form|body_covering|movement_seen|observation_place|primary_color|tail_impression,primate_face_marking
nycticebus_bengalensis,Nycticebus bengalensis,trachypithecus_obscurus,Trachypithecus obscurus,7,6,1,0.857,body_form|body_covering|movement_seen|observation_place|primary_color|primate_face_marking,tail_impression
nycticebus_bengalensis,Nycticebus bengalensis,hoolock_tianxing,Hoolock tianxing,7,6,1,0.857,body_form|body_covering|movement_seen|observation_place|primary_color|tail_impression,primate_face_marking
nycticebus_bengalensis,Nycticebus bengalensis,hylobates_lar,Hylobates lar,7,6,1,0.857,body_form|body_covering|movement_seen|observation_place|primary_color|tail_impression,primate_face_marking
macaca_fascicularis,Macaca fascicularis,trachypithecus_obscurus,Trachypithecus obscurus,7,6,1,0.857,body_form|body_covering|movement_seen|observation_place|primary_color|tail_impression,primate_face_marking
macaca_mulatta,Macaca mulatta,mus_cervicolor,Mus cervicolor,7,6,1,0.857,body_covering|movement_seen|observation_place|primary_color|body_pattern|tail_impression,body_form
belomys_pearsonii,Belomys pearsonii,hylopetes_phayrei,Hylopetes phayrei,7,6,1,0.857,body_form|body_covering|movement_seen|observation_place|primary_color|gliding_membrane_visible,body_pattern
hylopetes_spadiceus,Hylopetes spadiceus,hylopetes_phayrei,Hylopetes phayrei,7,6,1,0.857,body_form|body_covering|movement_seen|observation_place|body_pattern|gliding_membrane_visible,primary_color
hylopetes_spadiceus,Hylopetes spadiceus,petaurista_elegans,Petaurista elegans,7,6,1,0.857,body_form|body_covering|movement_seen|observation_place|primary_color|gliding_membrane_visible,tail_shape
hylopetes_spadiceus,Hylopetes spadiceus,hylopetes_alboniger,Hylopetes alboniger,7,6,1,0.857,body_form|body_covering|movement_seen|observation_place|body_pattern|gliding_membrane_visible,primary_color
hylopetes_spadiceus,Hylopetes spadiceus,petaurista_philippensis,Petaurista philippensis,7,6,1,0.857,body_form|body_covering|movement_seen|observation_place|primary_color|gliding_membrane_visible,tail_shape
hylopetes_phayrei,Hylopetes phayrei,hylopetes_alboniger,Hylopetes alboniger,7,6,1,0.857,body_form|body_covering|movement_seen|observation_place|body_pattern|gliding_membrane_visible,primary_color
hylopetes_alboniger,Hylopetes alboniger,eupetaurus_nivamons,Eupetaurus nivamons,7,6,1,0.857,body_form|body_covering|movement_seen|observation_place|body_pattern|gliding_membrane_visible,primary_color
hylopetes_alboniger,Hylopetes alboniger,petaurista_caniceps,Petaurista caniceps,7,6,1,0.857,body_form|body_covering|movement_seen|observation_place|body_pattern|gliding_membrane_visible,primary_color
callosciurus_finlaysonii,Callosciurus finlaysonii,tamiops_swinhoei,Tamiops swinhoei,7,6,1,0.857,body_form|body_covering|movement_seen|time_seen|tail_shape|rodent_tail_type,primary_color
callosciurus_finlaysonii,Callosciurus finlaysonii,dremomys_lokriah,Dremomys lokriah,7,6,1,0.857,body_form|body_covering|movement_seen|tail_impression|tail_shape|rodent_tail_type,primary_color
callosciurus_finlaysonii,Callosciurus finlaysonii,callosciurus_quinquestriatus,Callosciurus quinquestriatus,7,6,1,0.857,body_form|body_covering|movement_seen|tail_impression|tail_shape|rodent_tail_type,primary_color
callosciurus_quinquestriatus,Callosciurus quinquestriatus,ailurus_fulgens,Ailurus fulgens,7,6,1,0.857,body_size_impression|body_covering|movement_seen|observation_place|tail_impression|tail_shape,primary_color
chimarrogale_styani,Chimarrogale styani,nectogale_elegans,Nectogale elegans,7,6,1,0.857,body_form|body_covering|movement_seen|observation_place|snout_shape_simple|leg_foot_appearance,primary_color
chimarrogale_styani,Chimarrogale styani,aonyx_cinereus,Aonyx cinereus,7,6,1,0.857,body_covering|movement_seen|observation_place|primary_color|body_pattern|leg_foot_appearance,body_form
chimarrogale_styani,Chimarrogale styani,lutra_sumatrana,Lutra sumatrana,7,6,1,0.857,body_covering|movement_seen|observation_place|primary_color|body_pattern|leg_foot_appearance,body_form
chimarrogale_styani,Chimarrogale styani,lutra_lutra,Lutra lutra,7,6,1,0.857,body_covering|movement_seen|observation_place|primary_color|tail_impression|leg_foot_appearance,body_form
chimarrogale_himalayica,Chimarrogale himalayica,nectogale_elegans,Nectogale elegans,7,6,1,0.857,body_size_impression|body_form|body_covering|movement_seen|observation_place|primary_color,ear_size_impression
nectogale_elegans,Nectogale elegans,urva_urva,Urva urva,7,6,1,0.857,body_covering|movement_seen|observation_place|primary_color|snout_shape_simple|leg_foot_appearance,body_form
megaerops_niphanae,Megaerops niphanae,megaderma_spasma,Megaderma spasma,7,6,1,0.857,body_size_impression|body_form|body_covering|movement_seen|primary_color|body_pattern,bat_tail_visibility
megaerops_niphanae,Megaerops niphanae,lyroderma_lyra,Lyroderma lyra,7,6,1,0.857,body_size_impression|body_form|body_covering|movement_seen|primary_color|body_pattern,bat_tail_visibility
cynopterus_brachyotis,Cynopterus brachyotis,rousettus_leschenaultii,Rousettus leschenaultii,7,6,1,0.857,body_form|body_covering|movement_seen|primary_color|snout_shape_simple|bat_nose_shape,bat_tail_visibility
cynopterus_brachyotis,Cynopterus brachyotis,rousettus_amplexicaudatus,Rousettus amplexicaudatus,7,6,1,0.857,body_form|body_covering|movement_seen|body_pattern|bat_nose_shape|bat_tail_visibility,primary_color
cynopterus_sphinx,Cynopterus sphinx,hipposideros_armiger,Hipposideros armiger,7,6,1,0.857,body_size_impression|body_form|body_covering|movement_seen|body_pattern|bat_tail_visibility,primary_color
pteropus_vampyrus,Pteropus vampyrus,pteropus_hypomelanus,Pteropus hypomelanus,7,6,1,0.857,body_size_impression|body_form|body_covering|movement_seen|observation_place|time_seen,primary_color
sphaerias_blanfordi,Sphaerias blanfordi,megaderma_spasma,Megaderma spasma,7,6,1,0.857,body_size_impression|body_form|body_covering|movement_seen|body_pattern|bat_tail_visibility,primary_color
sphaerias_blanfordi,Sphaerias blanfordi,lyroderma_lyra,Lyroderma lyra,7,6,1,0.857,body_size_impression|body_form|body_covering|movement_seen|body_pattern|bat_tail_visibility,primary_color
macroglossus_sobrinus,Macroglossus sobrinus,scotomanes_ornatus,Scotomanes ornatus,7,6,1,0.857,body_form|body_covering|movement_seen|time_seen|primary_color|ear_size_impression,body_pattern
catopuma_temminckii,Catopuma temminckii,canis_lupus,Canis lupus,7,6,1,0.857,body_covering|movement_seen|observation_place|primary_color|tail_impression|leg_foot_appearance,body_form
prionailurus_viverrinus,Prionailurus viverrinus,panthera_pardus,Panthera pardus,7,6,1,0.857,body_form|body_covering|body_pattern|ear_size_impression|ear_shape_simple|carnivore_tail_marking,primary_color
prionailurus_viverrinus,Prionailurus viverrinus,prionailurus_bengalensis,Prionailurus bengalensis,7,6,1,0.857,body_form|body_covering|body_pattern|ear_size_impression|ear_shape_simple|carnivore_tail_marking,primary_color
neofelis_nebulosa,Neofelis nebulosa,panthera_pardus,Panthera pardus,7,6,1,0.857,body_form|body_covering|primary_color|ear_size_impression|ear_shape_simple|carnivore_tail_marking,body_pattern
panthera_pardus,Panthera pardus,prionailurus_bengalensis,Prionailurus bengalensis,7,6,1,0.857,body_form|body_covering|body_pattern|ear_size_impression|ear_shape_simple|carnivore_tail_marking,primary_color
vulpes_vulpes,Vulpes vulpes,ailurus_fulgens,Ailurus fulgens,7,6,1,0.857,body_size_impression|body_covering|primary_color|tail_impression|tail_shape|ear_shape_simple,snout_shape_simple
lutra_sumatrana,Lutra sumatrana,lutra_lutra,Lutra lutra,7,6,1,0.857,body_form|body_covering|movement_seen|observation_place|primary_color|leg_foot_appearance,tail_shape
tragulus_kanchil,Tragulus kanchil,tragulus_napu,Tragulus napu,7,6,1,0.857,body_form|body_covering|observation_place|primary_color|tail_impression|leg_foot_appearance,ungulate_marking_layout
tragulus_kanchil,Tragulus kanchil,elaphodus_cephalophus,Elaphodus cephalophus,7,6,1,0.857,body_form|body_covering|observation_place|body_pattern|tail_impression|leg_foot_appearance,primary_color
tragulus_kanchil,Tragulus kanchil,naemorhedus_cranbrooki,Naemorhedus cranbrooki,7,6,1,0.857,body_form|body_covering|observation_place|primary_color|leg_foot_appearance|ungulate_marking_layout,body_pattern
muntiacus_gongshanensis,Muntiacus gongshanensis,elaphodus_cephalophus,Elaphodus cephalophus,7,6,1,0.857,body_size_impression|body_form|body_covering|observation_place|primary_color|leg_foot_appearance,body_pattern
bos_gaurus,Bos gaurus,bubalus_arnee,Bubalus arnee,7,6,1,0.857,body_size_impression|body_form|body_covering|primary_color|horns_or_antlers|ungulate_marking_layout,ungulate_horn_or_antler_layout
capricornis_rubidus,Capricornis rubidus,budorcas_taxicolor,Budorcas taxicolor,7,6,1,0.857,body_form|body_covering|body_pattern|tail_impression|horns_or_antlers|horn_shape_simple,primary_color
budorcas_taxicolor,Budorcas taxicolor,bos_javanicus,Bos javanicus,7,6,1,0.857,body_size_impression|body_form|body_covering|primary_color|horns_or_antlers|horn_shape_simple,body_pattern
bubalus_arnee,Bubalus arnee,naemorhedus_griseus,Naemorhedus griseus,7,6,1,0.857,body_form|body_covering|observation_place|leg_foot_appearance|horns_or_antlers|horn_shape_simple,primary_color
peponocephala_electra,Peponocephala electra,orcinus_orca,Orcinus orca,7,6,1,0.857,body_form|body_covering|movement_seen|observation_place|primary_color|cetacean_beak,cetacean_color_pattern
peponocephala_electra,Peponocephala electra,globicephala_macrorhynchus,Globicephala macrorhynchus,7,6,1,0.857,body_form|body_covering|movement_seen|observation_place|primary_color|cetacean_beak,cetacean_color_pattern
peponocephala_electra,Peponocephala electra,feresa_attenuata,Feresa attenuata,7,6,1,0.857,body_form|body_covering|movement_seen|observation_place|primary_color|cetacean_beak,cetacean_color_pattern
peponocephala_electra,Peponocephala electra,pseudorca_crassidens,Pseudorca crassidens,7,6,1,0.857,body_form|body_covering|movement_seen|observation_place|primary_color|cetacean_beak,cetacean_color_pattern
sousa_chinensis,Sousa chinensis,stenella_attenuata,Stenella attenuata,7,6,1,0.857,body_form|body_covering|movement_seen|observation_place|cetacean_beak|cetacean_color_pattern,primary_color
mus_musculus,Mus musculus,rattus_exulans,Rattus exulans,13,11,2,0.846,body_form|body_covering|movement_seen|time_seen|primary_color|tail_impression|ear_size_impression|ear_shape_simple|snout_shape_simple|leg_foot_appearance|rodent_tail_type,observation_place|body_pattern
mus_musculus,Mus musculus,rattus_andamanensis,Rattus andamanensis,13,11,2,0.846,body_form|body_covering|movement_seen|time_seen|primary_color|body_pattern|tail_impression|ear_shape_simple|snout_shape_simple|leg_foot_appearance|rodent_tail_type,observation_place|ear_size_impression
mus_musculus,Mus musculus,rattus_norvegicus,Rattus norvegicus,13,11,2,0.846,body_form|body_covering|movement_seen|time_seen|primary_color|body_pattern|tail_impression|ear_shape_simple|snout_shape_simple|leg_foot_appearance|rodent_tail_type,observation_place|ear_size_impression
rattus_exulans,Rattus exulans,rattus_andamanensis,Rattus andamanensis,13,11,2,0.846,body_form|body_covering|movement_seen|observation_place|time_seen|primary_color|tail_impression|ear_shape_simple|snout_shape_simple|leg_foot_appearance|rodent_tail_type,body_pattern|ear_size_impression
rattus_exulans,Rattus exulans,rattus_norvegicus,Rattus norvegicus,13,11,2,0.846,body_form|body_covering|movement_seen|observation_place|time_seen|primary_color|tail_impression|ear_shape_simple|snout_shape_simple|leg_foot_appearance|rodent_tail_type,body_pattern|ear_size_impression
apodemus_agrarius,Apodemus agrarius,mus_cervicolor,Mus cervicolor,12,10,2,0.833,body_form|body_covering|movement_seen|observation_place|primary_color|tail_impression|ear_shape_simple|snout_shape_simple|leg_foot_appearance|rodent_tail_type,body_pattern|ear_size_impression
mus_cervicolor,Mus cervicolor,mus_caroli,Mus caroli,12,10,2,0.833,body_form|body_covering|movement_seen|observation_place|primary_color|ear_size_impression|ear_shape_simple|snout_shape_simple|leg_foot_appearance|rodent_tail_type,body_pattern|tail_impression
rattus_nitidus,Rattus nitidus,rattus_andamanensis,Rattus andamanensis,12,10,2,0.833,body_form|body_covering|observation_place|body_pattern|tail_impression|ear_size_impression|ear_shape_simple|snout_shape_simple|leg_foot_appearance|rodent_tail_type,movement_seen|primary_color
rattus_nitidus,Rattus nitidus,rattus_norvegicus,Rattus norvegicus,12,10,2,0.833,body_form|body_covering|observation_place|body_pattern|tail_impression|ear_size_impression|ear_shape_simple|snout_shape_simple|leg_foot_appearance|rodent_tail_type,movement_seen|primary_color
macaca_arctoides,Macaca arctoides,elaphodus_cephalophus,Elaphodus cephalophus,6,5,1,0.833,body_covering|observation_place|primary_color|body_pattern|tail_impression,body_form
tupaia_belangeri,Tupaia belangeri,trachypithecus_phayrei,Trachypithecus phayrei,6,5,1,0.833,body_covering|movement_seen|observation_place|primary_color|tail_impression,body_form
tupaia_belangeri,Tupaia belangeri,callosciurus_finlaysonii,Callosciurus finlaysonii,6,5,1,0.833,body_form|body_covering|movement_seen|tail_impression|tail_shape,primary_color
tupaia_belangeri,Tupaia belangeri,tamiops_mcclellandii,Tamiops mcclellandii,6,5,1,0.833,body_form|body_covering|movement_seen|tail_impression|tail_shape,primary_color
tupaia_belangeri,Tupaia belangeri,paguma_larvata,Paguma larvata,6,5,1,0.833,body_covering|movement_seen|observation_place|primary_color|tail_impression,body_form
dugong_dugon,Dugong dugon,balaenoptera_musculus,Balaenoptera musculus,6,5,1,0.833,body_covering|movement_seen|observation_place|primary_color|tail_shape,body_form
dugong_dugon,Dugong dugon,stenella_longirostris,Stenella longirostris,6,5,1,0.833,body_covering|movement_seen|observation_place|primary_color|tail_shape,body_form
dugong_dugon,Dugong dugon,physeter_macrocephalus,Physeter macrocephalus,6,5,1,0.833,body_covering|movement_seen|observation_place|primary_color|tail_shape,body_form
dugong_dugon,Dugong dugon,tursiops_truncatus,Tursiops truncatus,6,5,1,0.833,body_covering|movement_seen|observation_place|primary_color|tail_shape,body_form
trachypithecus_crepusculus,Trachypithecus crepusculus,trachypithecus_shortridgei,Trachypithecus shortridgei,6,5,1,0.833,body_form|body_covering|primary_color|body_pattern|tail_impression,primate_face_marking
presbytis_femoralis,Presbytis femoralis,trachypithecus_obscurus,Trachypithecus obscurus,6,5,1,0.833,body_form|body_covering|movement_seen|observation_place|primate_face_marking,primary_color
presbytis_femoralis,Presbytis femoralis,helarctos_malayanus,Helarctos malayanus,6,5,1,0.833,body_covering|movement_seen|observation_place|primary_color|body_pattern,body_form
trachypithecus_phayrei,Trachypithecus phayrei,dremomys_lokriah,Dremomys lokriah,6,5,1,0.833,body_covering|movement_seen|observation_place|primary_color|tail_impression,body_form
trachypithecus_phayrei,Trachypithecus phayrei,paguma_larvata,Paguma larvata,6,5,1,0.833,body_covering|movement_seen|observation_place|primary_color|tail_impression,body_form
petaurista_petaurista,Petaurista petaurista,hylopetes_alboniger,Hylopetes alboniger,6,5,1,0.833,body_form|body_covering|movement_seen|observation_place|gliding_membrane_visible,primary_color
petaurista_elegans,Petaurista elegans,hylopetes_alboniger,Hylopetes alboniger,6,5,1,0.833,body_form|body_covering|movement_seen|observation_place|gliding_membrane_visible,primary_color
hylopetes_alboniger,Hylopetes alboniger,petaurista_philippensis,Petaurista philippensis,6,5,1,0.833,body_form|body_covering|movement_seen|observation_place|gliding_membrane_visible,primary_color
callosciurus_erythraeus,Callosciurus erythraeus,ailurus_fulgens,Ailurus fulgens,6,5,1,0.833,body_covering|movement_seen|observation_place|tail_impression|tail_shape,primary_color
callosciurus_caniceps,Callosciurus caniceps,ailurus_fulgens,Ailurus fulgens,6,5,1,0.833,body_covering|movement_seen|observation_place|tail_impression|tail_shape,primary_color
dremomys_lokriah,Dremomys lokriah,ailurus_fulgens,Ailurus fulgens,6,5,1,0.833,body_covering|movement_seen|observation_place|tail_impression|tail_shape,primary_color
menetes_berdmorei,Menetes berdmorei,urva_auropunctata,Urva auropunctata,6,5,1,0.833,body_covering|movement_seen|observation_place|time_seen|primary_color,body_form
menetes_berdmorei,Menetes berdmorei,pseudois_nayaur,Pseudois nayaur,6,5,1,0.833,body_covering|movement_seen|observation_place|primary_color|body_pattern,body_form
berylmys_berdmorei,Berylmys berdmorei,suncus_etruscus,Suncus etruscus,6,5,1,0.833,body_covering|observation_place|primary_color|tail_impression|ear_size_impression,body_form
rattus_exulans,Rattus exulans,neotetracus_sinensis,Neotetracus sinensis,6,5,1,0.833,body_covering|observation_place|time_seen|primary_color|tail_impression,body_form
rattus_andamanensis,Rattus andamanensis,neotetracus_sinensis,Neotetracus sinensis,6,5,1,0.833,body_covering|observation_place|time_seen|primary_color|tail_impression,body_form
rattus_norvegicus,Rattus norvegicus,neotetracus_sinensis,Neotetracus sinensis,6,5,1,0.833,body_covering|observation_place|time_seen|primary_color|tail_impression,body_form
neotetracus_sinensis,Neotetracus sinensis,suncus_murinus,Suncus murinus,6,5,1,0.833,body_size_impression|body_form|body_covering|observation_place|time_seen,primary_color
neotetracus_sinensis,Neotetracus sinensis,suncus_etruscus,Suncus etruscus,6,5,1,0.833,body_size_impression|body_form|body_covering|observation_place|tail_impression,primary_color
echinosorex_gymnura,Echinosorex gymnura,suncus_murinus,Suncus murinus,6,5,1,0.833,body_form|body_covering|observation_place|primary_color|snout_shape_simple,body_size_impression
hylomys_suillus,Hylomys suillus,suncus_murinus,Suncus murinus,6,5,1,0.833,body_form|body_covering|movement_seen|observation_place|snout_shape_simple,primary_color
suncus_murinus,Suncus murinus,suncus_etruscus,Suncus etruscus,6,5,1,0.833,body_size_impression|body_form|body_covering|observation_place|snout_shape_simple,primary_color
suncus_etruscus,Suncus etruscus,urva_auropunctata,Urva auropunctata,6,5,1,0.833,body_covering|observation_place|primary_color|tail_impression|snout_shape_simple,body_form
megaerops_niphanae,Megaerops niphanae,rousettus_amplexicaudatus,Rousettus amplexicaudatus,6,5,1,0.833,body_form|body_covering|movement_seen|primary_color|body_pattern,bat_tail_visibility
cynopterus_sphinx,Cynopterus sphinx,rousettus_leschenaultii,Rousettus leschenaultii,6,5,1,0.833,body_form|body_covering|movement_seen|snout_shape_simple|bat_tail_visibility,primary_color
pteropus_vampyrus,Pteropus vampyrus,rhinolophus_trifoliatus,Rhinolophus trifoliatus,6,5,1,0.833,body_form|body_covering|movement_seen|observation_place|time_seen,primary_color
rousettus_leschenaultii,Rousettus leschenaultii,hipposideros_armiger,Hipposideros armiger,6,5,1,0.833,body_form|body_covering|movement_seen|primary_color|bat_tail_visibility,bat_nose_shape
pardofelis_marmorata,Pardofelis marmorata,prionailurus_bengalensis,Prionailurus bengalensis,6,5,1,0.833,body_form|body_covering|primary_color|body_pattern|ear_shape_simple,carnivore_tail_marking
prionodon_linsang,Prionodon linsang,prionodon_pardicolor,Prionodon pardicolor,6,5,1,0.833,body_covering|observation_place|primary_color|tail_impression|carnivore_tail_marking,body_pattern
viverra_megaspila,Viverra megaspila,viverricula_indica,Viverricula indica,6,5,1,0.833,body_form|body_covering|primary_color|tail_impression|carnivore_tail_marking,body_pattern
viverra_megaspila,Viverra megaspila,hemigalus_derbyanus,Hemigalus derbyanus,6,5,1,0.833,body_form|body_covering|primary_color|tail_impression|snout_shape_simple,body_pattern
urva_auropunctata,Urva auropunctata,urva_javanica,Urva javanica,6,5,1,0.833,body_form|body_covering|observation_place|time_seen|tail_impression,primary_color
canis_lupus,Canis lupus,canis_aureus,Canis aureus,6,5,1,0.833,body_form|body_covering|movement_seen|observation_place|leg_foot_appearance,primary_color
canis_aureus,Canis aureus,cuon_alpinus,Cuon alpinus,6,5,1,0.833,body_form|body_covering|movement_seen|observation_place|body_pattern,primary_color
melogale_moschata,Melogale moschata,mustela_strigidorsa,Mustela strigidorsa,6,5,1,0.833,body_form|body_covering|observation_place|primary_color|body_pattern,tail_impression
ursus_thibetanus,Ursus thibetanus,helarctos_malayanus,Helarctos malayanus,6,5,1,0.833,body_form|body_covering|primary_color|body_pattern|tail_impression,snout_shape_simple
martes_flavigula,Martes flavigula,martes_foina,Martes foina,6,5,1,0.833,body_form|body_covering|body_pattern|tail_impression|tail_shape,primary_color
martes_flavigula,Martes flavigula,mustela_kathiah,Mustela kathiah,6,5,1,0.833,body_form|body_covering|body_pattern|tail_impression|tail_shape,primary_color
martes_foina,Martes foina,mustela_kathiah,Mustela kathiah,6,5,1,0.833,body_form|body_covering|body_pattern|tail_impression|tail_shape,primary_color
mustela_kathiah,Mustela kathiah,mustela_strigidorsa,Mustela strigidorsa,6,5,1,0.833,body_form|body_covering|observation_place|primary_color|tail_impression,body_pattern
rucervus_eldii,Rucervus eldii,capricornis_milneedwardsi,Capricornis milneedwardsi,6,5,1,0.833,body_size_impression|body_form|body_covering|tail_impression|ear_size_impression,primary_color
tragulus_napu,Tragulus napu,tragulus_williamsoni,Tragulus williamsoni,6,5,1,0.833,body_form|body_covering|observation_place|tail_impression|leg_foot_appearance,primary_color
tragulus_williamsoni,Tragulus williamsoni,muntiacus_gongshanensis,Muntiacus gongshanensis,6,5,1,0.833,body_form|body_covering|observation_place|body_pattern|leg_foot_appearance,primary_color
elaphodus_cephalophus,Elaphodus cephalophus,bubalus_arnee,Bubalus arnee,6,5,1,0.833,body_form|body_covering|observation_place|primary_color|leg_foot_appearance,body_size_impression
bos_gaurus,Bos gaurus,bos_javanicus,Bos javanicus,6,5,1,0.833,body_size_impression|body_form|body_covering|body_pattern|horns_or_antlers,primary_color
capricornis_rubidus,Capricornis rubidus,naemorhedus_griseus,Naemorhedus griseus,6,5,1,0.833,body_form|body_covering|body_pattern|horns_or_antlers|horn_shape_simple,primary_color
capricornis_rubidus,Capricornis rubidus,naemorhedus_evansi,Naemorhedus evansi,6,5,1,0.833,body_form|body_covering|body_pattern|horns_or_antlers|horn_shape_simple,primary_color
budorcas_taxicolor,Budorcas taxicolor,naemorhedus_evansi,Naemorhedus evansi,6,5,1,0.833,body_form|body_covering|body_pattern|horns_or_antlers|horn_shape_simple,primary_color
bos_javanicus,Bos javanicus,bubalus_arnee,Bubalus arnee,6,5,1,0.833,body_size_impression|body_form|body_covering|horns_or_antlers|horn_shape_simple,primary_color
naemorhedus_cranbrooki,Naemorhedus cranbrooki,naemorhedus_evansi,Naemorhedus evansi,6,5,1,0.833,body_form|body_covering|body_pattern|horns_or_antlers|horn_shape_simple,primary_color
naemorhedus_griseus,Naemorhedus griseus,naemorhedus_evansi,Naemorhedus evansi,6,5,1,0.833,body_form|body_covering|body_pattern|horns_or_antlers|horn_shape_simple,primary_color
eupetaurus_nivamons,Eupetaurus nivamons,petaurista_caniceps,Petaurista caniceps,11,9,2,0.818,body_form|body_covering|movement_seen|observation_place|body_pattern|tail_impression|tail_shape|gliding_membrane_visible|rodent_tail_type,primary_color|gliding_mammal_marking_pattern
chiropodomys_gliroides,Chiropodomys gliroides,berylmys_bowersi,Berylmys bowersi,11,9,2,0.818,body_form|body_covering|primary_color|body_pattern|tail_impression|ear_size_impression|ear_shape_simple|leg_foot_appearance|rodent_tail_type,movement_seen|observation_place
megaptera_novaeangliae,Megaptera novaeangliae,orcinus_orca,Orcinus orca,11,9,2,0.818,body_size_impression|body_form|body_covering|movement_seen|observation_place|primary_color|body_pattern|tail_shape|cetacean_beak,cetacean_dorsal_fin|cetacean_color_pattern
belomys_pearsonii,Belomys pearsonii,petaurista_magnificus,Petaurista magnificus,10,8,2,0.8,body_form|body_covering|movement_seen|observation_place|body_pattern|tail_shape|gliding_membrane_visible|rodent_tail_type,primary_color|tail_impression
petaurista_caniceps,Petaurista caniceps,petinomys_vordermanni,Petinomys vordermanni,10,8,2,0.8,body_form|body_covering|movement_seen|observation_place|primary_color|tail_shape|gliding_membrane_visible|rodent_tail_type,body_pattern|tail_impression
maxomys_surifer,Maxomys surifer,niviventer_fulvescens,Niviventer fulvescens,10,8,2,0.8,body_form|body_covering|movement_seen|observation_place|primary_color|body_pattern|snout_shape_simple|leg_foot_appearance,tail_impression|rodent_tail_type
maxomys_surifer,Maxomys surifer,rattus_andamanensis,Rattus andamanensis,10,8,2,0.8,body_form|body_covering|movement_seen|observation_place|tail_impression|snout_shape_simple|leg_foot_appearance|rodent_tail_type,primary_color|body_pattern
maxomys_surifer,Maxomys surifer,rattus_norvegicus,Rattus norvegicus,10,8,2,0.8,body_form|body_covering|movement_seen|observation_place|tail_impression|snout_shape_simple|leg_foot_appearance|rodent_tail_type,primary_color|body_pattern
mus_pahari,Mus pahari,niviventer_fulvescens,Niviventer fulvescens,10,8,2,0.8,body_form|body_covering|movement_seen|observation_place|body_pattern|snout_shape_simple|leg_foot_appearance|rodent_tail_type,primary_color|tail_impression
megaptera_novaeangliae,Megaptera novaeangliae,physeter_macrocephalus,Physeter macrocephalus,10,8,2,0.8,body_size_impression|body_form|body_covering|movement_seen|observation_place|tail_shape|cetacean_dorsal_fin|cetacean_beak,primary_color|cetacean_color_pattern
macaca_assamensis,Macaca assamensis,macaca_mulatta,Macaca mulatta,5,4,1,0.8,body_form|body_covering|primary_color|tail_impression,primate_face_marking
macaca_arctoides,Macaca arctoides,bubalus_arnee,Bubalus arnee,5,4,1,0.8,body_covering|movement_seen|observation_place|primary_color,body_form
dugong_dugon,Dugong dugon,balaenoptera_physalus,Balaenoptera physalus,5,4,1,0.8,body_covering|movement_seen|observation_place|primary_color,body_form
dugong_dugon,Dugong dugon,balaenoptera_edeni,Balaenoptera edeni,5,4,1,0.8,body_covering|movement_seen|observation_place|primary_color,body_form
dugong_dugon,Dugong dugon,balaenoptera_borealis,Balaenoptera borealis,5,4,1,0.8,body_covering|movement_seen|observation_place|primary_color,body_form
dugong_dugon,Dugong dugon,balaenoptera_acutorostrata,Balaenoptera acutorostrata,5,4,1,0.8,body_covering|movement_seen|observation_place|primary_color,body_form
dugong_dugon,Dugong dugon,grampus_griseus,Grampus griseus,5,4,1,0.8,body_covering|movement_seen|observation_place|primary_color,body_form
dugong_dugon,Dugong dugon,neophocaena_phocaenoides,Neophocaena phocaenoides,5,4,1,0.8,body_covering|movement_seen|observation_place|primary_color,body_form
dugong_dugon,Dugong dugon,stenella_coeruleoalba,Stenella coeruleoalba,5,4,1,0.8,body_covering|movement_seen|observation_place|primary_color,body_form
dugong_dugon,Dugong dugon,kogia_sima,Kogia sima,5,4,1,0.8,body_covering|movement_seen|observation_place|primary_color,body_form
dugong_dugon,Dugong dugon,kogia_breviceps,Kogia breviceps,5,4,1,0.8,body_covering|movement_seen|observation_place|primary_color,body_form
dugong_dugon,Dugong dugon,steno_bredanensis,Steno bredanensis,5,4,1,0.8,body_covering|movement_seen|observation_place|primary_color,body_form
dugong_dugon,Dugong dugon,ziphius_cavirostris,Ziphius cavirostris,5,4,1,0.8,body_covering|movement_seen|observation_place|primary_color,body_form
macaca_fascicularis,Macaca fascicularis,trachypithecus_pileatus,Trachypithecus pileatus,5,4,1,0.8,body_form|body_covering|primary_color|tail_impression,primate_face_marking
trachypithecus_crepusculus,Trachypithecus crepusculus,trachypithecus_barbei,Trachypithecus barbei,5,4,1,0.8,body_form|body_covering|body_pattern|primate_face_marking,primary_color
trachypithecus_crepusculus,Trachypithecus crepusculus,trachypithecus_obscurus,Trachypithecus obscurus,5,4,1,0.8,body_form|body_covering|tail_impression|primate_face_marking,primary_color
presbytis_femoralis,Presbytis femoralis,trachypithecus_barbei,Trachypithecus barbei,5,4,1,0.8,body_form|body_covering|primary_color|primate_face_marking,body_pattern
presbytis_femoralis,Presbytis femoralis,trachypithecus_phayrei,Trachypithecus phayrei,5,4,1,0.8,body_form|body_covering|movement_seen|observation_place,primary_color
presbytis_femoralis,Presbytis femoralis,ratufa_bicolor,Ratufa bicolor,5,4,1,0.8,body_covering|observation_place|primary_color|body_pattern,body_form
presbytis_femoralis,Presbytis femoralis,arctictis_binturong,Arctictis binturong,5,4,1,0.8,body_covering|movement_seen|observation_place|primary_color,body_form
trachypithecus_phayrei,Trachypithecus phayrei,ailurus_fulgens,Ailurus fulgens,5,4,1,0.8,body_covering|movement_seen|observation_place|tail_impression,primary_color
trachypithecus_pileatus,Trachypithecus pileatus,trachypithecus_obscurus,Trachypithecus obscurus,5,4,1,0.8,body_form|body_covering|primary_color|tail_impression,primate_face_marking
trachypithecus_obscurus,Trachypithecus obscurus,neofelis_nebulosa,Neofelis nebulosa,5,4,1,0.8,body_covering|movement_seen|primary_color|tail_impression,body_form
trachypithecus_obscurus,Trachypithecus obscurus,arctogalidia_trivirgata,Arctogalidia trivirgata,5,4,1,0.8,body_covering|observation_place|primary_color|tail_impression,body_form
ochotona_forresti,Ochotona forresti,lepus_comus,Lepus comus,5,4,1,0.8,body_size_impression|body_form|body_covering|observation_place,primary_color
ratufa_bicolor,Ratufa bicolor,petaurista_alborufus,Petaurista alborufus,5,4,1,0.8,body_form|body_covering|observation_place|body_pattern,primary_color
ratufa_bicolor,Ratufa bicolor,dremomys_lokriah,Dremomys lokriah,5,4,1,0.8,body_form|body_covering|observation_place|body_pattern,primary_color
ratufa_bicolor,Ratufa bicolor,helarctos_malayanus,Helarctos malayanus,5,4,1,0.8,body_covering|observation_place|primary_color|body_pattern,body_form
ochotona_thibetana,Ochotona thibetana,prionailurus_bengalensis,Prionailurus bengalensis,5,4,1,0.8,body_covering|primary_color|ear_size_impression|ear_shape_simple,body_form
petaurista_alborufus,Petaurista alborufus,ailurus_fulgens,Ailurus fulgens,5,4,1,0.8,body_covering|observation_place|primary_color|tail_impression,movement_seen
callosciurus_erythraeus,Callosciurus erythraeus,martes_flavigula,Martes flavigula,5,4,1,0.8,body_covering|primary_color|tail_impression|tail_shape,body_form
callosciurus_finlaysonii,Callosciurus finlaysonii,ailurus_fulgens,Ailurus fulgens,5,4,1,0.8,body_covering|movement_seen|tail_impression|tail_shape,primary_color
callosciurus_finlaysonii,Callosciurus finlaysonii,martes_flavigula,Martes flavigula,5,4,1,0.8,body_covering|primary_color|tail_impression|tail_shape,body_form
dremomys_rufigenis,Dremomys rufigenis,menetes_berdmorei,Menetes berdmorei,5,4,1,0.8,body_form|body_covering|time_seen|primary_color,movement_seen
dremomys_pernyi,Dremomys pernyi,suncus_etruscus,Suncus etruscus,5,4,1,0.8,body_covering|observation_place|primary_color|snout_shape_simple,body_form
dremomys_pernyi,Dremomys pernyi,pseudois_nayaur,Pseudois nayaur,5,4,1,0.8,body_covering|movement_seen|observation_place|primary_color,body_form
callosciurus_pygerythrus,Callosciurus pygerythrus,ailurus_fulgens,Ailurus fulgens,5,4,1,0.8,body_covering|movement_seen|tail_impression|tail_shape,primary_color
callosciurus_pygerythrus,Callosciurus pygerythrus,martes_foina,Martes foina,5,4,1,0.8,body_covering|primary_color|tail_impression|tail_shape,body_form
maxomys_surifer,Maxomys surifer,urva_javanica,Urva javanica,5,4,1,0.8,body_covering|observation_place|primary_color|tail_impression,body_form
mus_caroli,Mus caroli,neotetracus_sinensis,Neotetracus sinensis,5,4,1,0.8,body_covering|observation_place|primary_color|tail_impression,body_form
mus_caroli,Mus caroli,martes_foina,Martes foina,5,4,1,0.8,body_covering|primary_color|body_pattern|tail_impression,body_form
rattus_exulans,Rattus exulans,martes_foina,Martes foina,5,4,1,0.8,body_covering|primary_color|body_pattern|tail_impression,body_form
neotetracus_sinensis,Neotetracus sinensis,hylomys_suillus,Hylomys suillus,5,4,1,0.8,body_form|body_covering|observation_place|primary_color,tail_impression
neotetracus_sinensis,Neotetracus sinensis,uropsilus_soricipes,Uropsilus soricipes,5,4,1,0.8,body_form|body_covering|observation_place|tail_impression,primary_color
suncus_murinus,Suncus murinus,catopuma_temminckii,Catopuma temminckii,5,4,1,0.8,body_covering|movement_seen|observation_place|primary_color,body_form
suncus_murinus,Suncus murinus,melogale_personata,Melogale personata,5,4,1,0.8,body_covering|observation_place|time_seen|primary_color,body_form
chimarrogale_styani,Chimarrogale styani,chimarrogale_himalayica,Chimarrogale himalayica,5,4,1,0.8,body_form|body_covering|movement_seen|observation_place,primary_color
megaerops_niphanae,Megaerops niphanae,rhinolophus_trifoliatus,Rhinolophus trifoliatus,5,4,1,0.8,body_form|body_covering|movement_seen|primary_color,bat_tail_visibility
cynopterus_sphinx,Cynopterus sphinx,rhinolophus_trifoliatus,Rhinolophus trifoliatus,5,4,1,0.8,body_form|body_covering|movement_seen|bat_tail_visibility,primary_color
cynopterus_sphinx,Cynopterus sphinx,scotomanes_ornatus,Scotomanes ornatus,5,4,1,0.8,body_form|body_covering|movement_seen|primary_color,body_pattern
cynopterus_sphinx,Cynopterus sphinx,kerivoula_picta,Kerivoula picta,5,4,1,0.8,body_form|body_covering|movement_seen|primary_color,body_pattern
rousettus_leschenaultii,Rousettus leschenaultii,pteropus_hypomelanus,Pteropus hypomelanus,5,4,1,0.8,body_form|body_covering|movement_seen|primary_color,bat_tail_visibility
manis_javanica,Manis javanica,manis_pentadactyla,Manis pentadactyla,5,4,1,0.8,body_form|body_covering|primary_color|leg_foot_appearance,movement_seen
catopuma_temminckii,Catopuma temminckii,felis_chaus,Felis chaus,5,4,1,0.8,body_form|body_covering|primary_color|body_pattern,tail_impression
prionodon_linsang,Prionodon linsang,ailurus_fulgens,Ailurus fulgens,5,4,1,0.8,body_covering|observation_place|tail_impression|carnivore_tail_marking,primary_color
panthera_pardus,Panthera pardus,viverra_megaspila,Viverra megaspila,5,4,1,0.8,body_covering|primary_color|body_pattern|carnivore_tail_marking,body_form
arctictis_binturong,Arctictis binturong,arctogalidia_trivirgata,Arctogalidia trivirgata,5,4,1,0.8,body_form|body_covering|observation_place|tail_impression,primary_color
viverra_megaspila,Viverra megaspila,martes_flavigula,Martes flavigula,5,4,1,0.8,body_form|body_covering|primary_color|tail_impression,body_pattern
paradoxurus_musangus,Paradoxurus musangus,viverricula_indica,Viverricula indica,5,4,1,0.8,body_form|body_covering|body_pattern|tail_impression,primary_color
viverricula_indica,Viverricula indica,hemigalus_derbyanus,Hemigalus derbyanus,5,4,1,0.8,body_form|body_covering|primary_color|tail_impression,body_pattern
hemigalus_derbyanus,Hemigalus derbyanus,melogale_personata,Melogale personata,5,4,1,0.8,body_form|body_covering|primary_color|carnivore_face_marking,body_pattern
hemigalus_derbyanus,Hemigalus derbyanus,martes_flavigula,Martes flavigula,5,4,1,0.8,body_form|body_covering|primary_color|tail_impression,body_pattern
urva_auropunctata,Urva auropunctata,martes_flavigula,Martes flavigula,5,4,1,0.8,body_form|body_covering|tail_impression|tail_shape,primary_color
urva_auropunctata,Urva auropunctata,martes_foina,Martes foina,5,4,1,0.8,body_form|body_covering|tail_impression|tail_shape,primary_color
urva_auropunctata,Urva auropunctata,mustela_strigidorsa,Mustela strigidorsa,5,4,1,0.8,body_form|body_covering|observation_place|tail_impression,primary_color
urva_auropunctata,Urva auropunctata,pseudois_nayaur,Pseudois nayaur,5,4,1,0.8,body_covering|movement_seen|observation_place|primary_color,body_form
urva_javanica,Urva javanica,cuon_alpinus,Cuon alpinus,5,4,1,0.8,body_covering|observation_place|primary_color|tail_impression,body_form
urva_javanica,Urva javanica,mustela_strigidorsa,Mustela strigidorsa,5,4,1,0.8,body_form|body_covering|observation_place|tail_impression,primary_color
canis_lupus,Canis lupus,melogale_personata,Melogale personata,5,4,1,0.8,body_covering|observation_place|primary_color|tail_shape,body_form
canis_lupus,Canis lupus,martes_flavigula,Martes flavigula,5,4,1,0.8,body_covering|primary_color|tail_impression|tail_shape,body_form
melogale_personata,Melogale personata,martes_flavigula,Martes flavigula,5,4,1,0.8,body_form|body_covering|primary_color|tail_shape,body_pattern
melogale_personata,Melogale personata,mustela_strigidorsa,Mustela strigidorsa,5,4,1,0.8,body_form|body_covering|observation_place|body_pattern,primary_color
melogale_personata,Melogale personata,budorcas_taxicolor,Budorcas taxicolor,5,4,1,0.8,body_covering|observation_place|primary_color|body_pattern,body_form
martes_flavigula,Martes flavigula,arctonyx_albogularis,Arctonyx albogularis,5,4,1,0.8,body_form|body_covering|primary_color|body_pattern,tail_impression
mustela_kathiah,Mustela kathiah,muntiacus_gongshanensis,Muntiacus gongshanensis,5,4,1,0.8,body_covering|observation_place|primary_color|body_pattern,body_form
lutra_lutra,Lutra lutra,mustela_strigidorsa,Mustela strigidorsa,5,4,1,0.8,body_form|body_covering|primary_color|tail_impression,observation_place
rhinoceros_unicornis,Rhinoceros unicornis,rhinoceros_sondaicus,Rhinoceros sondaicus,5,4,1,0.8,body_size_impression|body_form|primary_color|horns_or_antlers,snout_shape_simple
dicerorhinus_sumatrensis,Dicerorhinus sumatrensis,tragulus_kanchil,Tragulus kanchil,5,4,1,0.8,body_covering|observation_place|primary_color|body_pattern,body_form
rucervus_eldii,Rucervus eldii,tragulus_kanchil,Tragulus kanchil,5,4,1,0.8,body_form|body_covering|body_pattern|tail_impression,primary_color
rucervus_eldii,Rucervus eldii,tragulus_williamsoni,Tragulus williamsoni,5,4,1,0.8,body_form|body_covering|primary_color|tail_impression,body_pattern
rucervus_eldii,Rucervus eldii,rusa_unicolor,Rusa unicolor,5,4,1,0.8,body_size_impression|body_form|body_covering|body_pattern,primary_color
axis_porcinus,Axis porcinus,rusa_unicolor,Rusa unicolor,5,4,1,0.8,body_form|body_covering|primary_color|ungulate_horn_or_antler_layout,body_size_impression
axis_porcinus,Axis porcinus,elaphodus_cephalophus,Elaphodus cephalophus,5,4,1,0.8,body_size_impression|body_form|body_covering|primary_color,ear_size_impression
tragulus_kanchil,Tragulus kanchil,muntiacus_vaginalis,Muntiacus vaginalis,5,4,1,0.8,body_form|body_covering|primary_color|leg_foot_appearance,body_pattern
tragulus_napu,Tragulus napu,muntiacus_vaginalis,Muntiacus vaginalis,5,4,1,0.8,body_form|body_covering|primary_color|leg_foot_appearance,snout_shape_simple
tragulus_napu,Tragulus napu,muntiacus_putaoensis,Muntiacus putaoensis,5,4,1,0.8,body_form|body_covering|observation_place|leg_foot_appearance,primary_color
tragulus_williamsoni,Tragulus williamsoni,muntiacus_vaginalis,Muntiacus vaginalis,5,4,1,0.8,body_form|body_covering|body_pattern|leg_foot_appearance,primary_color
tragulus_williamsoni,Tragulus williamsoni,bubalus_arnee,Bubalus arnee,5,4,1,0.8,body_form|body_covering|observation_place|leg_foot_appearance,primary_color
rusa_unicolor,Rusa unicolor,elaphodus_cephalophus,Elaphodus cephalophus,5,4,1,0.8,body_form|body_covering|primary_color|body_pattern,body_size_impression
rusa_unicolor,Rusa unicolor,capricornis_milneedwardsi,Capricornis milneedwardsi,5,4,1,0.8,body_size_impression|body_form|body_covering|primary_color,ungulate_horn_or_antler_layout
muntiacus_gongshanensis,Muntiacus gongshanensis,muntiacus_vaginalis,Muntiacus vaginalis,5,4,1,0.8,body_form|body_covering|body_pattern|leg_foot_appearance,primary_color
muntiacus_vaginalis,Muntiacus vaginalis,naemorhedus_cranbrooki,Naemorhedus cranbrooki,5,4,1,0.8,body_form|body_covering|primary_color|leg_foot_appearance,body_pattern
muntiacus_putaoensis,Muntiacus putaoensis,bubalus_arnee,Bubalus arnee,5,4,1,0.8,body_form|body_covering|observation_place|leg_foot_appearance,primary_color
bubalus_arnee,Bubalus arnee,naemorhedus_evansi,Naemorhedus evansi,5,4,1,0.8,body_form|body_covering|horns_or_antlers|horn_shape_simple,primary_color
